DateTime,BTC,ETH,USDT,BNB,XRP,기타,Dominance
2017-01-08 00:00:00,14337159443.960571,881241626.1178479,14951722.72527052,0.0,227195498.2465631,1258051900.949747,0.8575574078756325
2017-01-15 00:00:00,13294395553.207396,830063132.9533404,14951692.03089727,0.0,246963477.1163562,1231126304.6920085,0.8512499066436633
2017-01-22 00:00:00,14893985097.195436,967302786.6586044,14951686.68379886,0.0,247720904.7723309,1354339172.6898322,0.852141535340923
2017-01-29 00:00:00,14871734978.069092,928665196.9005234,14951690.64263715,0.0,234685991.98602,1405862814.4017274,0.8519603346462655
2017-02-05 00:00:00,16563964996.347046,1017165757.8608358,24951570.00877009,0.0,238429955.55288452,1541788136.2304635,0.854415986594141
2017-02-12 00:00:00,16243972024.731443,1001438877.7612544,24950978.15365696,0.0,234234482.0209897,1479503477.3326538,0.8556619571977265
2017-02-19 00:00:00,17051927157.39038,1137252647.8520298,24951186.36099243,0.0,212414184.6495541,1516354535.747043,0.8550375022509856
2017-02-26 00:00:00,18664111842.51526,1212478295.5990577,24951653.34030199,0.0,210571775.78021103,1492086880.7651703,0.8639112513068301
2017-03-05 00:00:00,20353007665.95459,1739335706.0678704,24951155.05707732,0.0,238638801.1942639,1742966639.726199,0.8445616892464205
2017-03-12 00:00:00,19163828258.91577,1790708328.572374,34950490.03306126,0.0,230231912.30461484,1870581938.1741784,0.8299514293327
2017-03-19 00:00:00,16505336991.286377,3430198625.2907143,44951291.24483123,0.0,240094583.07320005,2551419277.104877,0.72480838023158
2017-03-26 00:00:00,15410394175.921326,4472089815.348644,44950401.72380642,0.0,349814651.3339651,2650350571.67226,0.67213290680317
2017-04-02 00:00:00,17404186475.3479,4553592806.874194,54937877.59335667,0.0,796839599.8827535,3096842472.3017955,0.6718103245259174
2017-04-09 00:00:00,19246212194.827023,4035924064.309385,54941238.07879693,0.0,1361551467.1775308,3340270747.6072607,0.6864111071587482
2017-04-16 00:00:00,19312880066.809937,4311142760.098467,50740990.74058226,0.0,1270093556.8602302,3786542817.490784,0.6721872215676923
2017-04-23 00:00:00,19796342607.852417,4424301497.874928,52484979.88552905,0.0,1210033303.330958,4155438315.056168,0.667924333053305
2017-04-30 00:00:00,21522181601.86768,6344976052.138996,59047689.15101703,0.0,1911479777.221388,5330116223.620923,0.6119854178924833
2017-05-07 00:00:00,25473132058.59375,8546934114.245556,60292872.11974072,0.0,3689197417.640322,7253343761.400631,0.5657816784760346
2017-05-14 00:00:00,28556899835.158813,8096577897.380394,60415446.76500773,0.0,7707640453.260676,8285667391.435108,0.5418026243160883
2017-05-21 00:00:00,32708122710.229004,11718154272.268602,61945289.11123691,0.0,13524863398.907978,11528417305.483175,0.47033960024587274
2017-05-28 00:00:00,32571246894.14978,13777187335.44942,103899991.31223053,0.0,7857049186.610734,10999415568.477837,0.4987267780888027
2017-06-04 00:00:00,41324845033.38867,20441045254.133846,108314994.77995948,0.0,11404506509.864573,17038186511.83295,0.457553855473339
2017-06-11 00:00:00,45412204997.72339,27336752821.337723,128283845.91179948,0.0,10537661400.859684,21441099494.167404,0.43309113344977956
2017-06-18 00:00:00,42486852470.2207,34638738512.99655,127046889.89282688,0.0,10171776512.257156,22835588430.632767,0.3853333156640857
2017-06-25 00:00:00,43855372882.69043,30898087675.48835,148253521.5249449,0.0,11855912735.562908,24533371968.733364,0.3940603765072454
2017-07-02 00:00:00,40593725852.13135,25785895948.80215,219788293.48997712,0.0,9856865328.956692,20992225824.61983,0.41656593310576423
2017-07-09 00:00:00,41764943932.13965,23378955555.53154,220941040.0265489,0.0,9008303312.946688,20801053407.355576,0.4388263325543027
2017-07-16 00:00:00,33174285773.07129,16670687288.036726,291330036.9132059,0.0,6549141518.044606,14822654455.934172,0.4639234744538349
2017-07-23 00:00:00,45531773031.30664,20842134620.90185,316483281.6416652,0.0,7095731659.646341,21014175390.503494,0.4802914547693859
2017-07-30 00:00:00,44593208474.87793,17052870602.59967,319708827.9211784,10757157.20653534,6102603388.379897,18245648989.01479,0.5165747247292692
2017-08-06 00:00:00,52918135649.20044,22734243698.88556,319094136.5295952,12739120.42379379,7138039826.099408,27317745008.86121,0.47915734222965617
2017-08-13 00:00:00,62520268602.49829,29609135198.648323,319619577.9951273,45268276.3338089,6803285818.929309,34171426301.59514,0.46842537843037757
2017-08-20 00:00:00,67235974517.90259,27264776783.48561,319014769.01008326,208400011.06262207,5889025884.168709,43628813026.370384,0.46515276933197713
2017-08-27 00:00:00,71034649638.13477,31341155141.39287,319683288.35416496,229106831.5505981,8198060737.077212,43835348587.49039,0.4584122646252621
2017-09-03 00:00:00,75021311766.98145,31970717221.54715,335613581.50876737,0.0,8551389994.2929535,45838665995.669685,0.4639029149870524
2017-09-10 00:00:00,69254321715.82031,27603652518.602783,405016056.95425296,97955441.47491457,7987342589.455419,40875241661.69232,0.47361954483931706
2017-09-17 00:00:00,58999786655.45654,22921879293.78251,444699343.3629872,0.0,6717004631.029442,32097830460.368523,0.48687243952442727
2017-09-24 00:00:00,62643562809.88037,26527995537.225567,444738692.8954678,77109313.01116943,6786678930.846805,34068708060.140617,0.4798478883279503
2017-10-01 00:00:00,71735578541.53955,28557656972.69866,435942238.6506647,129174959.65957642,7604886717.49517,38761762553.956375,0.4872513335020065
2017-10-08 00:00:00,71953336909.70508,29379871536.07377,435044998.0211604,152635037.89901733,9049722268.012953,36523072450.288025,0.48784012541158833
2017-10-15 00:00:00,95432498041.812,32590668092.609127,438107781.26597625,147899878.02505493,9988904722.333103,36892436427.95473,0.543804308012117
2017-10-22 00:00:00,102375440490.687,28057856291.94616,437170007.8383439,120041783.99658205,7844291727.498511,34784219474.033394,0.5896556761048984
2017-10-29 00:00:00,95314992890.16356,28399012077.74252,438363483.12580633,113508490.37504196,7830061056.090012,36114313778.50305,0.5666419964526975
2017-11-05 00:00:00,122006394800.0625,28781826738.430546,489620181.44214624,162924993.79467964,7896407506.494146,39368239923.77599,0.6140063939659217
2017-11-12 00:00:00,106050557907.20604,28904342806.272694,593769721.4382868,164057080.401659,7988247442.523007,54694830738.158295,0.5345403222369848
2017-11-19 00:00:00,128962324062.04834,32098811086.90423,646957153.5599173,157792691.57910347,8733687959.850641,61430274598.05777,0.5558005809280494
2017-11-26 00:00:00,143234445772.50977,45489083632.1078,678254922.0621762,179373712.20254898,9733213278.233078,72999685386.88463,0.5259899085128859
2017-12-03 00:00:00,184326893304.4453,44430565440.706696,815647302.2237333,199857714.0865326,9762674434.606386,86978345291.93134,0.5645298597486245
2017-12-10 00:00:00,254942520202.60547,46289245579.33994,840979281.3363172,251427545.0978279,9719716107.965977,110816108467.65446,0.6029005389499441
2017-12-17 00:00:00,313534778018.27344,66791601893.166046,1079991440.1894014,439563384.7904205,29981396118.14395,148024893657.43677,0.5600313159272855
2017-12-24 00:00:00,260505868316.8477,73436261559.23141,1276579612.683112,504108846.1322784,46339012831.06848,215844264962.03708,0.4356969597799158
2017-12-31 00:00:00,214318681217.875,68566720631.08234,1392092951.930726,750473233.2649231,91964645308.75946,189412686881.08755,0.37838396133143
2018-01-07 00:00:00,283728780701.91016,99690723521.87231,1474405070.4361427,1815037281.0173037,122901650883.7373,287879095213.0268,0.35577736403247173
2018-01-14 00:00:00,243642040289.30664,132015339781.4138,1474099328.0597672,2207560007.461548,78554913749.10997,286044635516.64825,0.32750289338294775
2018-01-21 00:00:00,215053754897.2656,110422771712.43,1626427206.0075758,1573146850.297928,60431942996.59093,229742178417.408,0.3475053368720698
2018-01-28 00:00:00,186513569224.6289,103801043552.44196,1610138004.6555407,1286541973.0567932,46243356400.96008,202448575676.25677,0.34418243088044276
2018-02-04 00:00:00,157943095777.47363,95986778049.38008,2205496646.1348467,1008757815.3266908,37479710149.06603,163180478234.6187,0.3450013248578302
2018-02-11 00:00:00,146738705986.76758,85652237672.04832,2230236801.575361,966421893.2476044,43951457325.74581,152625673248.61533,0.3395434537024443
2018-02-18 00:00:00,180927169462.93945,94507401835.14746,2215139769.5924306,1132328245.9506989,46081923206.95106,176291500647.41888,0.3610200481886957
2018-02-25 00:00:00,167026407840.0,82362086732.03726,2226003447.91166,904889317.6651002,37120110171.70586,143710585050.68015,0.38543065886430095
2018-03-04 00:00:00,193586552435.9268,84483172853.89107,2212742798.600603,1016159956.3827512,35601311505.172386,146887224098.02643,0.41740386023890247
2018-03-11 00:00:00,160535761663.23633,72582810425.52513,2223580575.1492734,817583429.3079376,32691424985.710243,119837087753.07108,0.41301933399232654
2018-03-18 00:00:00,135758762776.97754,57280587263.8927,2214981319.475593,886260737.6480103,25591519311.05886,95308446670.9473,0.42820629511610003
2018-03-25 00:00:00,152357633429.58984,53320991594.98189,2286686717.5573664,1250923312.2138977,25740116910.6006,108770170403.0564,0.44325247984929406
2018-04-01 00:00:00,120051701290.89844,39749456481.84746,2288075452.343121,1086768865.6597135,20169760941.09135,83799469352.15993,0.4493873995787193
2018-04-08 00:00:00,116593229077.10156,37662202088.54672,2285769391.909644,1432846081.108003,18936099673.27622,81087784184.05786,0.4519153655727065
2018-04-15 00:00:00,135002706005.95898,48607269876.49443,2286996173.5270987,1528568182.4655375,24456210112.167866,103253971121.3861,0.42839543982941974
2018-04-22 00:00:00,148709304519.55566,59085624172.767006,2285115035.6740866,1513878832.4968088,33163162043.554867,132566664771.95155,0.3941159409273443
2018-04-29 00:00:00,158298245482.35938,67663279360.549965,2425463324.0148163,1723747886.2083423,33870848493.995163,162247618396.8723,0.37139230345781205
2018-05-06 00:00:00,169268922151.61133,81791197582.9904,2256664425.432145,1644144025.7009754,35871243142.099144,178846645952.166,0.3603929236832099
2018-05-13 00:00:00,145418780779.01562,67198950785.581696,2119005809.03852,1453832315.427343,27084476754.409973,144320160212.52682,0.37518209276534803
2018-05-20 00:00:00,141856136504.17773,70409732567.56967,2515100139.6686115,1631323494.5048993,26696193425.36661,136797774860.71246,0.37339773272956117
2018-05-27 00:00:00,128611059839.4214,60105594707.42465,2507971385.686535,1483423477.4372582,24341630087.48665,119513364854.54352,0.38213066466356127
2018-06-03 00:00:00,130656750791.30469,59115800915.52367,2502704021.935901,1676488511.5523908,25351860541.22498,123379682770.45836,0.38127552622909383
2018-06-10 00:00:00,129999001559.21632,60310119308.49107,2514616390.347008,1870662118.503533,26171720149.24437,119914330266.19772,0.38147435288193027
2018-06-17 00:00:00,110572677455.07812,49422834589.22002,2618766578.011471,1774450764.5564086,20778819521.04924,91560701460.08476,0.39957133869793143
2018-06-24 00:00:00,104752907126.6123,47101004256.254776,2618205903.2030287,1788665250.2348876,19096240559.62039,79675174024.07462,0.41074385238238387
2018-07-01 00:00:00,109340253985.0586,45265460826.10504,2710795107.4605994,1664683564.8890977,18259780760.874146,78951685211.61253,0.4267891758383394
2018-07-08 00:00:00,113668080731.70216,47501274696.58722,2616604374.772927,1570063452.888765,18488606786.02972,83675238886.01921,0.4248958448850566
2018-07-15 00:00:00,107290073598.1494,44038583483.47934,2711038758.2499723,1380994414.3726368,17167621675.139889,76377889414.60875,0.4309423247772706
2018-07-22 00:00:00,126296004749.08447,46625418269.85284,2654833888.1688194,1152673806.2583811,17859346373.678654,85125891744.95683,0.45151808103414137
2018-07-29 00:00:00,140227894790.4287,47003013119.08663,2508970652.56444,1409029419.7430267,17695320276.327187,86869408093.84999,0.47420165170709183
2018-08-05 00:00:00,121850378576.53809,41039938256.35144,2427145685.767037,1332190268.2223463,16931405754.625525,71189922833.84557,0.4782741657575903
2018-08-12 00:00:00,105985413787.35742,31815208133.93357,2411048365.206444,1112853572.7795136,11663724428.374191,55772355930.32886,0.507688767161698
2018-08-19 00:00:00,110315314369.33594,30038735281.742718,2755209607.0869737,945612472.5102624,12911206869.197351,55414973288.71676,0.5194216404352527
2018-08-26 00:00:00,116039877639.4043,28505247501.288097,2791427539.345728,959101761.8511236,12921557533.023664,55410553714.87709,0.535664840884584
2018-09-02 00:00:00,122794626208.95996,29841903037.89289,2701430936.7737584,1079881232.037927,13600786939.182636,64700373778.052826,0.5231558804064468
2018-09-09 00:00:00,111979370529.44336,22256599155.297794,2792853285.4875894,963185502.9901452,11654368091.50249,54434339897.23863,0.5487013788993432
2018-09-16 00:00:00,113095342926.31836,22841828828.99513,2758911798.8000326,963674098.1648984,11252358214.178562,53360350433.02302,0.5536494710966647
2018-09-23 00:00:00,115356596585.85304,24307152753.65124,2806489984.134422,1144575898.6984253,22432018415.81025,55801259815.78264,0.5199801124719088
2018-09-30 00:00:00,113318478000.0,23522541357.096405,2788732322.8746543,1166326481.4891644,22594868566.355103,57421588933.22468,0.513188608883829
2018-10-07 00:00:00,113864595747.66504,23005131145.96103,2802930021.183628,1221638211.0116243,19739112062.76932,56871165122.64936,0.5235043775757023
2018-10-14 00:00:00,108884479632.01904,20566737820.70247,2681730653.543228,1118134425.0420628,16829954399.692688,52038993725.7905,0.5387119687158092
2018-10-21 00:00:00,112249390033.41064,21107328771.53108,2038673104.6760435,1274419767.3989248,18346584757.288605,54328907090.19471,0.5361925399977933
2018-10-28 00:00:00,112423673699.11131,20945490878.90479,1910067857.7109704,1265973750.3059006,18358238299.978657,54151304307.76836,0.537771441920272
2018-11-04 00:00:00,110259596466.10107,20573363430.5016,1779805755.8692722,1244479061.5436745,18340360892.058662,54375939578.11572,0.5337546798056295
2018-11-11 00:00:00,111646552168.25,21931358942.175087,1764255674.5855308,1255440584.4143343,20405170093.2244,56481010307.670654,0.5229743828995893
2018-11-18 00:00:00,96324092610.8672,17921520659.374893,1683709134.6679492,1002227223.1530142,19269068462.90357,45923278666.78339,0.5288932113010495
2018-11-25 00:00:00,74986053598.48926,12739561657.123943,1778528561.4242346,704682843.863852,16331214147.609991,32674313679.38872,0.5386373687851763
2018-12-02 00:00:00,73167550806.61026,12273147507.215824,1856716054.3741808,694256489.1660903,15028221833.28128,33204643953.86236,0.5371099260740925
2018-12-09 00:00:00,59075928575.48949,9207845805.280962,1876925219.889428,578798507.0872052,12269685811.16057,24692326355.012352,0.5485153218858321
2018-12-16 00:00:00,55880530245.14687,8683449661.476665,1864014623.0425203,589980552.733756,11665349667.046225,22398289605.29397,0.5528258586080494
2018-12-23 00:00:00,67852959079.9219,11660769182.624468,1889728290.747344,752864845.5615405,14441747740.595,31115156777.57975,0.5312915603901757
2018-12-30 00:00:00,68287076558.44423,14297673384.162058,1908235960.7717152,784346535.397037,15244817571.58027,31119934818.41469,0.5187328706261897
2019-01-06 00:00:00,67439828781.75694,16431227630.78788,1901634879.972702,803367587.5409836,14591037947.49496,31323908791.546528,0.5090143928384129
2019-01-13 00:00:00,64022247795.30676,13291043616.321342,1965028790.3090456,786962699.8099023,13557875694.629274,28774136489.18367,0.5230691393184217
2019-01-20 00:00:00,65483505845.93767,13054158908.50544,2047018870.5480304,845233676.812446,13593926868.361776,29672050282.45464,0.5251456443966491
2019-01-27 00:00:00,63419060894.5604,12267333782.176258,2038890334.5447628,885005246.0945823,13078575224.74706,29271744168.816936,0.5242951492851339
2019-02-03 00:00:00,61118507761.85174,11338400863.44064,2032141806.48114,872605400.2991858,12663753354.399,26567547649.328297,0.5333530912325469
2019-02-10 00:00:00,64349886518.76959,12570405536.1982,2028574020.5780203,1228728438.5412295,12807932732.23794,28771353171.26502,0.5285112947873546
2019-02-17 00:00:00,63823996458.69673,12971630519.574936,2021003161.3315785,1285628530.855717,12450806256.1727,28680495458.978336,0.5264548550392357
2019-02-24 00:00:00,69924338149.61368,15616285792.618408,2036457307.0529296,1490539025.7228618,13206498240.659515,32688469309.4626,0.5181016404354525
2019-03-03 00:00:00,67876020799.48124,14130630331.50059,2044948597.5242064,1598954435.5065727,13090714612.638712,31619475077.358685,0.5206783790333006
2019-03-10 00:00:00,69877703207.87117,14603552705.767864,2006775289.274725,2043399331.1958203,13078373502.177423,33910678244.41299,0.515624664492673
2019-03-17 00:00:00,71167912293.55229,14957266159.6912,2026573564.118571,2250758642.440998,13229923492.835428,36756940427.8215,0.5069323266538559
2019-03-24 00:00:00,70824232236.67824,14486589994.951914,2034861718.2444944,2134497639.6185093,12971203124.8399,37540314437.88694,0.5059173698553905
2019-03-31 00:00:00,72154799634.80696,14982418923.274298,2032828983.43309,2339481517.1003075,13047731739.188828,39220055826.59652,0.5018510661407197
2019-04-07 00:00:00,88864120924.69447,17471339208.170155,2075769394.8111928,2721321818.0825205,14897936594.92511,50507134552.92655,0.5033721405640377
2019-04-14 00:00:00,90060407831.80257,17407300702.854614,2432508951.5483994,2617663802.763776,13712066912.266714,46955589748.15393,0.520022681444226
2019-04-21 00:00:00,94142692979.04832,18303240163.271305,2582022152.04674,3513231073.9279323,13834751584.354362,48256317873.891335,0.5211842843254583
2019-04-28 00:00:00,92993875022.51114,16580308933.145792,2830124434.8779407,3169497897.245282,12448625073.5739,42662006585.015945,0.5448292541569041
2019-05-05 00:00:00,100195134500.996,17230902413.29109,2784624078.626815,3209894389.774116,12718221593.490376,44591672132.4516,0.5543898938732379
2019-05-12 00:00:00,119972781896.11893,20114479241.501797,2782154988.167211,2904886863.227638,13640167953.673874,47745934670.240585,0.5791298850818177
2019-05-19 00:00:00,130330303260.33543,25238363800.783463,2847958706.960521,3779491824.499057,15818750766.630386,53174671266.29114,0.5637378900077196
2019-05-26 00:00:00,142829447823.84674,26807811605.176582,3045303707.213145,4934975523.28341,16344806874.806711,57274058753.4834,0.568506177393882
2019-06-02 00:00:00,150828986901.89685,28098367163.636887,3138084575.480277,4640641612.156233,17992567031.513794,64436504308.605965,0.5604209855493929
2019-06-09 00:00:00,141119256978.36224,26428334885.07454,3261968140.932036,4491417237.08915,17629363503.687466,61512586718.54456,0.5546204737740275
2019-06-16 00:00:00,154541189536.2336,28249688826.23185,3450792057.895168,4645281588.820098,17455349286.250393,65359767761.28887,0.5646328873904407
2019-06-23 00:00:00,191189306358.20624,32755045038.711662,3580518516.647616,5430714299.602167,20522844317.716755,71492192702.23555,0.5883279714108532
2019-06-30 00:00:00,212666970753.65643,32623425432.860065,3590623154.8050275,4810828862.622714,17744452804.818737,68559923632.05703,0.6254980359806136
2019-07-07 00:00:00,203106959021.8062,31345266769.57582,3687350803.376544,4675188376.341936,17254123040.9889,66025126414.4706,0.6228478599307383
2019-07-14 00:00:00,202323211016.652,28846262849.759785,3895177202.389033,4448510631.285117,14270861807.86756,57698049568.55651,0.6495500977578088
2019-07-21 00:00:00,189205869716.2476,24231568188.708,4030965957.9791503,4714389488.292895,14076729943.490812,53504869068.57155,0.6529645280881582
2019-07-28 00:00:00,168819174250.38428,22136728417.22751,4023250119.378601,4312495180.417267,13251544055.613169,49385455756.83917,0.6445235207424492
2019-08-04 00:00:00,193203677116.9296,23929568244.741936,4045530573.907136,4333379807.167707,13653656538.807177,51613047221.20644,0.6644350880504631
2019-08-11 00:00:00,204001079368.2823,21962297986.85817,4038617665.0578384,4589592939.294889,12626994630.982674,46934716205.32415,0.6935196042451967
2019-08-18 00:00:00,184505748856.97537,19854156617.37269,4059444797.9922686,4310558447.2991085,11374449020.645435,43122883488.08511,0.6904451357909968
2019-08-25 00:00:00,179060450158.83667,20206691661.43111,4043693833.5564055,4092207683.242852,11545011710.563845,42889667569.15913,0.6838604016614475
2019-09-01 00:00:00,172032356634.45023,18159291356.87282,4020650084.584411,3425291472.2198086,11089030429.221382,39864560102.32135,0.6920292046536657
2019-09-08 00:00:00,187110664333.60645,18728580618.20776,4065166265.254194,3509061392.326941,11134181334.03558,40592816460.63909,0.7057039012130161
2019-09-15 00:00:00,185689614237.89267,19888161679.894127,4111198666.949074,3260672725.2974496,11314206288.859274,41383608683.04741,0.6990076722088707
2019-09-22 00:00:00,180333612279.5884,23385400456.80348,4113803201.388,3276281378.343332,12504785189.49957,43431130123.6672,0.6752929422049393
2019-09-29 00:00:00,146227865985.0245,18546925704.76121,4148793770.464122,2432026314.197917,10379647993.101955,34104742379.340294,0.6774826933401765
2019-10-06 00:00:00,145320841894.21075,18824682637.37667,4125331524.589666,2415098950.3011074,10970069767.046034,34745726465.64577,0.6715326519405118
2019-10-13 00:00:00,151081249687.87637,20050809358.766308,4164401806.541413,2676399660.345018,11954792384.054258,36294730923.406624,0.6678439468988494
2019-10-20 00:00:00,144756070807.89767,18882198256.057167,4127290392.060738,2851138574.651321,12734875968.364044,35233962755.50905,0.6622399311371232
2019-10-27 00:00:00,165505204852.13242,19470947488.70636,4122051952.909785,2874047712.581568,12579548364.565413,37987853412.80446,0.6823841061459257
2019-11-03 00:00:00,168404133535.86658,19973952948.336143,4121694373.109757,3149710491.7359223,12709782770.85004,40985205752.77155,0.6753874544239505
2019-11-10 00:00:00,159913486029.5359,20043607463.724106,4126359729.583571,3096695222.2269106,12084913087.810043,41483993444.44949,0.6642330788986651
2019-11-17 00:00:00,154378476883.92938,19894533905.347424,4143949489.634,3139654183.526845,11428871388.744925,41130543399.38744,0.6594101112090064
2019-11-24 00:00:00,131652688246.59262,16441758710.641829,4120675015.8166,2458829335.5910277,10066313150.567278,34409383455.880646,0.6610741702276292
2019-12-01 00:00:00,137292424881.96635,16589024189.716816,4125053445.227009,2435614337.0321627,9795532827.594316,35407410535.69335,0.6676183942222564
2019-12-08 00:00:00,136963159970.07751,16263057582.439123,4132469027.615073,2442045490.5831213,9767923675.800816,34979378369.29434,0.6695892266191734
2019-12-15 00:00:00,130174367988.91934,15621391724.91725,4129571189.434485,2288336306.4619803,9459749501.863962,33984484881.872986,0.6653161816045148
2019-12-22 00:00:00,130063324017.89062,13959878189.439142,4064870684.9547615,2086151147.3016791,8390781532.977652,31560175369.80614,0.6840930978906729
2019-12-29 00:00:00,132974040924.5798,13986899124.777586,4121189049.7913694,2106708949.1121209,8377459582.658977,32384160663.97016,0.6856082841650251
2020-01-05 00:00:00,133193685026.83426,14554631849.739271,4122387701.164838,2137676728.1373825,8344482161.858785,32831296243.87546,0.682400073979526
2020-01-12 00:00:00,146573979637.7824,15586751983.01936,4625765134.471128,2318406508.1579294,9162614001.21503,36954614668.58415,0.6810358131906954
2020-01-19 00:00:00,162084260867.14856,19383914318.12337,4630786780.923642,2832339757.887952,10543671985.696438,46464972214.11004,0.6590399955495968
2020-01-26 00:00:00,151499054462.59937,17561150873.603664,4648537518.469059,2626065898.8125687,9652710969.21866,43092444546.2567,0.6613369918493882
2020-02-02 00:00:00,169905468850.54752,19870843257.039547,4643514465.135498,2822879989.8530054,10418108082.825571,49786437282.00888,0.659962254708604
2020-02-09 00:00:00,178600740560.77866,24766233466.62229,4635198276.12552,3399046343.145061,12152561976.314137,57312164921.754326,0.6358931846094129
2020-02-16 00:00:00,186466140877.9148,30944524075.508324,4643971674.353954,4101818873.002644,14593453096.927437,65143370723.37283,0.6095790704907615
2020-02-23 00:00:00,175883178085.86798,28812690275.350098,4647378504.324124,3451386866.1631656,11992658685.407974,55478088871.70666,0.6275594127146809
2020-03-01 00:00:00,157583308054.37097,24563061332.930374,4653873081.167779,3028305988.878279,10263960884.170313,46346719428.76228,0.6394408424369131
2020-03-08 00:00:00,166643657606.3585,26916031509.16472,4650115715.643877,3280280795.7056937,10591930599.342531,51899952647.39471,0.6312690912845815
2020-03-15 00:00:00,98704817897.72452,14116923383.089844,4651958355.297344,1662966183.386408,6681870769.878313,28629141096.913567,0.6390825642468455
2020-03-22 00:00:00,113035338131.20004,14579098571.98236,4633283362.369191,1862645930.1569784,6877315476.369355,32632430075.05209,0.651049795579218
2020-03-29 00:00:00,114491590947.12268,14280462624.322405,4652961642.248696,1897033897.606628,7508814850.893947,32657406228.57564,0.6524173428951178
2020-04-05 00:00:00,123208259833.68584,15698243665.150969,6179113487.231051,2138249230.112519,7911781622.888111,34183628706.61152,0.6507961686825772
2020-04-12 00:00:00,124955745053.77596,17376907821.902874,6364789089.00952,2144183834.9314003,8197245849.561191,35721147384.54906,0.6415882770689973
2020-04-19 00:00:00,132615590834.87312,20154858460.90369,6353297906.020181,2553106537.0694737,8559841691.204199,38270880017.74934,0.6360228905355086
2020-04-26 00:00:00,138876996345.9856,21655610613.63031,6374267021.723,2524677333.660816,8609900317.775076,40605041679.90521,0.6351668130683514
2020-05-03 00:00:00,163657729120.07855,23715114946.02066,6366444328.264365,2724201408.230356,9788804950.133802,43586828655.85226,0.6550524468997485
2020-05-10 00:00:00,178122198329.77115,23561250139.215523,6362225521.283166,2659299733.846705,9733699456.48214,44896174460.06132,0.6713109865274841
2020-05-17 00:00:00,173637473051.37463,22395742335.83505,8825038503.258738,2510739154.9446726,8856359770.456354,41972283107.25055,0.6724983070839436
2020-05-24 00:00:00,169207296381.71442,23034957855.180584,8797336246.844706,2580109922.4738526,8822838914.05819,43661147536.298256,0.66069840094289
2020-05-31 00:00:00,176205166373.1657,26204680163.60952,8818396773.642887,2719410629.14004,8981672241.258665,46593860543.33318,0.6537662622455823
2020-06-07 00:00:00,177784678464.56213,27004990003.22969,9212558121.287683,2746599109.687662,9001409857.515888,49119994953.35693,0.6467949553319381
2020-06-14 00:00:00,174345847937.9262,26529758400.97272,9211471992.071102,2590940342.782819,8465690760.956116,47968620517.78103,0.6478552951056008
2020-06-21 00:00:00,170855588729.90988,25455736958.4292,9211490737.779213,2482946725.4804544,8281335052.51232,47299479727.01893,0.6481953294850662
2020-06-28 00:00:00,168522964519.73178,25650266131.74774,9196580304.946194,2440936679.2327256,8074747297.889104,47298954724.322464,0.6452258729050788
2020-07-05 00:00:00,166966990717.6205,25198970051.69957,9176186348.733974,2387714672.7200594,7846571090.668896,48089957775.75697,0.6430057825159319
2020-07-12 00:00:00,169941975052.30472,26809310481.508568,9184244323.94766,2695440350.71096,8867106093.362421,54241884868.60567,0.6253845563248395
2020-07-19 00:00:00,170023621009.5219,26435572589.274418,9245881185.404509,2673172040.182984,8821500341.902008,55987949996.47416,0.6223692456700387
2020-07-26 00:00:00,176542747072.9902,31765548594.533405,10004714891.419584,2823425945.0784683,9275931354.080004,58998014690.12834,0.6100083401243197
2020-08-02 00:00:00,213697828552.5333,39855939106.29245,9987178668.580065,3003103043.924308,11945787017.134254,64481186184.42567,0.623078378311442
2020-08-09 00:00:00,216913139887.29227,43802829993.59544,10014142262.373898,3272211777.4459686,13298111482.394009,68878790167.04842,0.6089999761779227
2020-08-16 00:00:00,218023124335.93463,48555923083.60497,10014226184.447577,3352204275.074648,13335684425.49035,77925372502.6578,0.5873364391312972
2020-08-23 00:00:00,214752636263.5096,44078047387.90002,9999758631.436562,3208230908.0971966,12631723502.20269,77355198789.91393,0.5931973842262719
2020-08-30 00:00:00,212526327805.35696,44937101344.04293,10016339333.904272,3354460065.1110964,12331988240.104755,79654125264.1,0.5857618859047715
2020-09-06 00:00:00,190984304040.3628,40179835423.24727,14149196783.22808,2849600451.852817,11201944979.076803,72277563531.23225,0.5758741282950229
2020-09-13 00:00:00,192348458665.3178,42049756957.01216,14775327464.179974,3993954005.3385434,10957903171.128826,75966742127.9627,0.5655774853045884
2020-09-20 00:00:00,205219613969.683,43445519974.97044,15245825488.837788,3985080434.980727,11380655404.182236,75586121406.8158,0.5783068958589925
2020-09-27 00:00:00,198319628526.072,39734017920.5286,15301991182.825665,3645725754.348936,10858300994.878529,72555447503.8563,0.5825817409496189
2020-10-04 00:00:00,195131855637.0922,39173513535.76992,15602263487.499226,4006499584.5695367,10571899661.000423,70529216363.36871,0.5824566393474622
2020-10-11 00:00:00,210142198826.8279,42280211978.3616,15724001222.66711,4142710069.437948,11626482575.420206,76405362894.97523,0.5832083551655942
2020-10-18 00:00:00,210317224764.74667,41702628240.71158,15819439366.221775,4387551794.723025,10960592727.742847,73073846726.5541,0.5903454414896925
2020-10-25 00:00:00,243113217704.06357,47091616623.1543,16256268938.73125,4436713637.717275,11602759146.73916,74756129536.69447,0.6119801485660764
2020-11-01 00:00:00,255547683260.53296,44061321694.77631,16541979735.172909,4135973116.311264,10923322604.04981,71025143366.69675,0.6353186918759943
2020-11-08 00:00:00,284496531548.69214,51007199240.79429,17139410889.827587,4195231936.5596914,11634751534.730177,73819534727.43611,0.643231410684366
2020-11-15 00:00:00,296839413743.863,52113772446.226944,17833150088.004787,3998159131.4457536,12163856474.156704,76007699066.98285,0.6467708904349139
2020-11-22 00:00:00,345803829925.6017,60232817390.691536,18372968130.963493,4301192385.524065,18718887099.67406,89076951690.86517,0.6445471497921436
2020-11-29 00:00:00,322623713525.2996,60017349131.97579,19058255478.03679,4246726166.363505,27450055510.846203,87809308131.2881,0.6189953300716345
2020-12-06 00:00:00,354502784027.7858,67333431324.48906,19640516160.64165,4265518302.160694,26490124461.62041,93421689535.55238,0.626713050797512
2020-12-13 00:00:00,340790273372.8435,62966981314.27657,19827322838.0194,3997746227.557761,22230637865.04183,88419568431.19093,0.633165508115726
2020-12-20 00:00:00,433739704337.73047,74653114943.28386,20126748098.57271,4879710296.682919,26548123068.735226,102795599193.94482,0.6544613890719108
2020-12-27 00:00:00,471619927652.31696,71693635388.64354,20698296321.556465,4804740015.093793,13694253962.691715,97318696986.01752,0.6937326090428668
2021-01-03 00:00:00,583248236538.0869,87127407281.77148,21227629053.778164,5500454659.437899,10387746052.265656,105607733785.65988,0.7173149736843404
2021-01-10 00:00:00,763383317090.4093,140383815286.24054,23689029215.40128,6194430841.737697,14873616045.293491,140966250296.5177,0.7006792128756418
2021-01-17 00:00:00,692353645551.4663,141699349232.17712,24308475930.16774,6167214880.712706,13034364409.0552,156311768466.94092,0.6696687385961401
2021-01-24 00:00:00,592554593326.862,140108611575.20557,24810647144.00671,6225554059.570408,12304466303.930552,151830998823.7447,0.6386422969199376
2021-01-31 00:00:00,636564689145.8265,156476111949.15628,26366582465.237274,6895997948.510055,15891240331.98679,167027567314.243,0.6307478135006461
2021-02-07 00:00:00,749333834238.9033,193239193416.8371,28277122936.566143,11287150158.938526,19977377277.95009,209750804534.35477,0.6183308667673092
2021-02-14 00:00:00,877192552832.0558,207858240817.4271,31609531148.14509,20265459573.38007,27206473625.860985,290644510586.501,0.6029739900825105
2021-02-21 00:00:00,1056249353868.424,229602259452.36816,34131056366.05605,42923791374.505135,24547167654.39911,342201405365.01764,0.6106705285483534
2021-02-28 00:00:00,878560009907.7349,169039683856.62265,34990510415.441124,34940614995.883484,20268658929.81279,305006524568.2351,0.6089245596980016
2021-03-07 00:00:00,888321773013.3472,177647133688.52792,36465778742.6662,34431282969.64951,20699911436.47821,316565767713.97095,0.6026068122754923
2021-03-14 00:00:00,1117860421121.762,217230817345.80405,38244090919.79828,43103240468.80325,20977311664.92424,372254932251.2782,0.6177147869183529
2021-03-21 00:00:00,1114678581318.4785,214122551891.7344,39529949751.66813,41900779652.05734,22361639732.4622,403887902668.4596,0.6069642623522555
2021-03-28 00:00:00,1022600891293.5272,194175621341.62653,40220756116.63083,40164101954.59547,24901158488.220463,399999116528.9196,0.5938236263684299
2021-04-04 00:00:00,1112934914547.8965,242655630690.76965,42336751447.04608,53136136021.6317,28966597786.181988,481926918487.7742,0.5672575614494303
2021-04-11 00:00:00,1130188584591.35,249903417647.7641,44401412708.808586,73320385486.43646,56691474940.9069,500991600737.2239,0.5498371696525501
2021-04-18 00:00:00,1135744035138.5151,275312405070.7414,47985723734.55899,79646576012.91705,73211919000.9146,606130518275.7429,0.5120505278718215
2021-04-25 00:00:00,919824502738.0256,252786011706.7612,49428292211.82599,75596077421.87427,47534224486.030754,467084338390.45233,0.5075584236209103
2021-05-02 00:00:00,1072110469826.4132,330291938352.9088,51490963469.25007,94638885144.49596,70601034291.58295,584565306101.6788,0.48650503802801254
2021-05-09 00:00:00,1100125934252.567,425432323579.7655,55260393824.37754,98053985823.08688,55843523582.70785,715818069100.6556,0.44893310230533645
2021-05-16 00:00:00,925137216752.782,453286078845.09766,58230974726.179085,90848164194.73898,52070397512.483086,718870537270.8291,0.40250598692526707
2021-05-23 00:00:00,709380460214.8802,275037650340.1684,59485652356.64502,48817306765.318665,41704435882.61686,444382469468.6608,0.44931395802087276
2021-05-30 00:00:00,645418239305.3876,273605696077.22592,61327270333.14986,48174890308.8739,38590715326.30087,431709919378.682,0.4306156449392931
2021-06-06 00:00:00,669469441343.5492,303361878367.3321,62214600030.869125,60399746990.05816,43088233653.969086,477108569881.5824,0.4143673205327191
2021-06-13 00:00:00,670425551196.6682,282814842597.23376,62612210392.972,52719178214.52683,38627513322.23351,418514236762.1356,0.4394177130384213
2021-06-20 00:00:00,679365672780.9825,262698164164.3305,62677125992.1526,52618147134.25555,36906473538.456245,420657336096.2626,0.44844900287905687
2021-06-27 00:00:00,580644395531.5806,205809367492.89783,62563759538.655685,41515401272.75806,27581924220.40118,345660193771.94666,0.45945233630472043
2021-07-04 00:00:00,650421806526.0228,259929479471.55716,62402273285.23771,45587514525.5424,31046273274.46419,386059978167.6458,0.45311436726703386
2021-07-11 00:00:00,634654858929.9778,246448407348.7249,62216305554.148415,48262638525.115456,28815840072.57684,375700535106.7666,0.4545917211754219
2021-07-18 00:00:00,592811120249.4185,219302449325.64508,62023677778.19333,46009483961.19048,26877819486.351635,332068728349.6011,0.46346199289169576
2021-07-25 00:00:00,635987700248.7178,252708594388.50137,61869050522.70799,50905268279.535706,28036298310.18315,334272003813.424,0.466342229661275
2021-08-01 00:00:00,775902256879.4319,285296236037.6398,61816534064.87406,55100813886.51087,34384141660.61851,404378369926.7049,0.47987670544352345
2021-08-08 00:00:00,814139117849.5046,359396103234.4602,62120403212.72301,59166402199.35978,36394630841.53103,463531560931.6613,0.4536230260947785
2021-08-15 00:00:00,880983990562.8964,383036296629.15,63296364146.33573,69024889322.73021,56165359833.82755,539107351708.54016,0.4423466992105496
2021-08-22 00:00:00,923782461932.0573,382810567693.43134,64675772100.61225,76258613380.8375,57524159755.61144,587322853501.5403,0.44149959462767424
2021-08-29 00:00:00,914878813960.637,378893268809.9124,65528328160.794624,81593925251.95927,53281917708.01719,591559988376.8997,0.4386359096707809
2021-09-05 00:00:00,941989436351.55,458931192255.1864,66822146432.77608,84483256270.8628,59129555957.0426,669731201581.3822,0.41295642101673186
2021-09-12 00:00:00,859055444499.0204,390356401116.6581,68318721173.45202,69510111615.19104,51201554403.843376,657442370332.595,0.40987726290450077
2021-09-19 00:00:00,911938972932.5288,409253827315.3207,68238688937.49861,69924459001.72887,50652907131.9635,655359523720.7197,0.42114726610025177
2021-09-26 00:00:00,797048562828.4418,336917872474.7841,68619063444.74049,58394401719.88641,43529266392.10815,579012180033.8792,0.4231693811927715
2021-10-03 00:00:00,903174119365.9248,397183121582.7292,68036363772.35848,72138336856.3697,48601616618.04372,637746263872.2244,0.42464746244472923
2021-10-10 00:00:00,1037929163840.6892,425941328082.9053,68414609339.22683,71079328067.70433,53111670977.645,676492012428.2892,0.44489642107591776
2021-10-17 00:00:00,1146178359201.6882,459473508684.784,68749244985.0632,78738565318.21759,54039669895.61623,676941563487.9507,0.4614020009500082
2021-10-24 00:00:00,1152834540171.088,476072990735.4715,69623856293.32954,80157452837.21683,51382196052.64773,702042381155.1366,0.45528550669165896
2021-10-31 00:00:00,1158403915558.0378,507035511643.2889,70368618760.2816,86492704778.31937,50707801299.71889,739796176926.4534,0.4433564830604177
2021-11-07 00:00:00,1145008225101.2715,520739452911.6122,71915956438.42581,101649069699.60188,53448453665.15142,786293763339.6372,0.427392591342373
2021-11-14 00:00:00,1221222998371.242,553151572015.7532,73889039081.31554,107719415657.7249,56305552270.53725,819713009831.607,0.4312225684755048
2021-11-21 00:00:00,1098691463679.469,505603026493.13184,73096324874.73369,97378765743.8406,51027452971.61373,774398635552.5311,0.4225418404641736
2021-11-28 00:00:00,1032625746258.7998,487232657925.21497,73127729666.94646,101032340934.99625,45040067626.63012,743837348978.5225,0.4158957086518207
2021-12-05 00:00:00,905961395472.324,478897452541.7367,74259184805.58542,93835392720.47426,37655969031.82277,668350793965.6467,0.40105239573027934
2021-12-12 00:00:00,917483710489.7076,479565899751.00256,76161960489.64383,92852478173.8856,39587141247.023605,640110101950.1768,0.408540174646605
2021-12-19 00:00:00,887739378804.9626,470153545323.0628,76228531851.20833,88703250559.69162,39066371664.36247,645849398700.1122,0.4021031403338291
2021-12-26 00:00:00,960078114131.1886,483980128393.7652,77589155641.79877,91070125368.00471,44083187286.61932,714986778734.2434,0.4047909512799857
2022-01-02 00:00:00,888204055099.727,440878632368.51697,78378903497.69637,86176458470.82724,39974644495.330345,677687238435.962,0.4016660255348345
2022-01-09 00:00:00,791260716544.3176,379352520525.1903,78289612776.41418,75306584104.4918,36316464907.44141,613304797989.6846,0.4008756768288498
2022-01-16 00:00:00,817269794187.178,397522961767.5079,78432240316.12135,82960444958.40579,37304285632.48357,655597283972.7734,0.3949905392608744
2022-01-23 00:00:00,667540099217.4635,289541909121.2531,78294220589.35135,60060897452.0097,28271584407.177544,484466948989.66473,0.4150915325444374
2022-01-30 00:00:00,713109890478.7054,303140617412.8211,78148531460.05159,63417861496.653465,29240803611.01647,525335399457.402,0.41644052924976965
2022-02-06 00:00:00,784725730503.7206,359864431230.80023,77959718957.78302,69102082108.79607,31999191470.932373,576337669760.7979,0.41301597176666405
2022-02-13 00:00:00,799399201565.3271,346151678520.0771,78478319877.18323,65901128463.00542,37079348411.34964,553912630549.7175,0.425003839034695
2022-02-20 00:00:00,756301754655.5461,326643262856.6495,79050291501.33733,65582743610.738106,39239212277.51731,535144890554.9616,0.41971012119499457
2022-02-27 00:00:00,744042289396.7996,333212231480.8208,79583601735.21465,62040830493.574646,36607175662.53937,527839156742.891,0.41722185820028274
2022-03-06 00:00:00,742975677809.4628,316880892837.13873,79732910225.72676,62761036473.35208,36438190688.31585,521419165668.6838,0.42209541776823123
2022-03-13 00:00:00,738990966577.2649,308593207431.6961,80070493290.46954,62082401900.8834,37758197906.15763,511473341659.6784,0.42495934823205406
2022-03-20 00:00:00,794237926588.8535,355593617519.9106,80454374439.77661,66888189250.53719,39355123779.81402,560532724333.6581,0.41866736303127156
2022-03-27 00:00:00,840571270382.9822,374415753273.4763,81348194077.4441,68182804614.70476,39873563444.41023,590521686593.7524,0.42135730009821387
2022-04-03 00:00:00,885379749139.8646,419326646953.4054,82110866509.36752,73711890061.39607,40419626702.57716,666235683168.5293,0.4085391734971008
2022-04-10 00:00:00,807353188190.2256,387976753065.9402,82533341632.00984,70204781355.21385,36617328643.96056,583142278695.83,0.41027636710722964
2022-04-17 00:00:00,771014294661.2957,367562585901.7778,82737394798.80646,68824395061.37918,37601273149.18841,556371211494.0624,0.4092191124647731
2022-04-24 00:00:00,755207747184.7129,356954154356.25867,83137321169.61763,66263001689.20828,34352819651.012417,553655971250.3801,0.4083150854641461
2022-05-01 00:00:00,727814537198.8536,335753830530.27405,83161866600.05385,63848761541.86034,29434935572.475517,498956201095.3626,0.41853193656423027
2022-05-08 00:00:00,684616023764.0481,324107546521.37646,83221430585.08759,61326137909.02612,28840907964.64136,466785273051.22034,0.4151962742282808
2022-05-15 00:00:00,549895690575.7762,237656814048.07416,76576524221.63092,45489537031.18793,19391785268.7048,301483688607.46594,0.44689016997289127
2022-05-22 00:00:00,559968439944.6063,238916484573.2338,73181458243.64519,50588431224.76301,19954099348.89505,314058224651.07666,0.4455980609486955
2022-05-29 00:00:00,551000206543.4274,215214702638.41943,72475626514.79712,49789869307.38866,18629042797.53562,295606528405.4918,0.4581299470894922
2022-06-05 00:00:00,567106173112.0812,214925622637.9756,72487331924.6586,49000364226.86983,18906895317.39443,303484746561.9904,0.4625997411109282
2022-06-12 00:00:00,541421731731.5828,185360747840.19025,72428939475.391,44192354863.60535,17701859837.23088,283830703035.3098,0.4728837004620738
2022-06-19 00:00:00,363988819976.375,120539327647.09328,68145756527.80191,32693363568.976868,14757374769.190508,240517587876.15244,0.4329889777463101
2022-06-26 00:00:00,403121148161.9824,144903136313.45096,66835715771.15219,38207417449.81764,17454122294.919556,275076433248.17725,0.42631346467562736
2022-07-03 00:00:00,368067999258.6164,128149593158.98392,66166903564.77017,35400137939.52625,15192918630.175068,256108470937.0782,0.42351158494175406
2022-07-10 00:00:00,412609275348.2344,147657822942.60254,65957708067.17884,39589316671.36208,16609517396.763111,273980711437.93903,0.4314171872430717
2022-07-17 00:00:00,397377030968.5055,151126447248.37686,65864071709.21547,38887344754.99693,16584314082.425709,267776692304.06955,0.42381643753699494
2022-07-24 00:00:00,423371546722.6927,184703403464.90903,65842257620.15026,41144923577.66831,17078954430.428991,282865053163.3607,0.4171123015556111
2022-07-31 00:00:00,466030002535.204,209089791949.87708,66076040902.04298,47680516080.84693,19177265378.01968,307810058560.43933,0.41764062475235814
2022-08-07 00:00:00,443979979571.6557,209111818624.3278,66482264257.11378,51154441511.64412,18152781893.497025,310485905031.8116,0.4038504907647904
2022-08-14 00:00:00,467956733559.4932,241729310534.78812,67062475832.407,53011698736.96598,18714192308.030266,325324461740.2354,0.39866858321165016
2022-08-21 00:00:00,406684081665.3575,199360836937.06458,67555467905.05954,46259722109.13551,16816702538.92069,283963424179.8322,0.3984597780742261
2022-08-28 00:00:00,384837741951.47125,182464736594.76907,67557236374.30238,45501002279.9863,16596924504.342016,272736439384.83896,0.3968651035994809
2022-09-04 00:00:00,379368481746.5521,189633829678.63464,67555378220.74301,44683153384.75781,16375003647.93917,277183115394.20325,0.3891761240080274
2022-09-11 00:00:00,406688159249.21497,210148333500.54736,67570220455.38143,47182091775.17517,17685569812.869263,294199062777.30176,0.3897446208080806
2022-09-18 00:00:00,381519212987.7037,176316584200.62997,67928621376.89347,44823027055.18772,18657911605.61825,279013928813.75696,0.39402587559798047
2022-09-25 00:00:00,365942472747.9684,164507863300.79648,67955919573.26531,45199256827.174126,23728441730.859127,274447144124.05655,0.38856425703056346
2022-10-02 00:00:00,370376306834.7497,162292714067.35513,67953350585.98298,45558115386.63632,23805409092.53236,268328416544.7335,0.39472520230796
2022-10-09 00:00:00,373822055065.4569,162556737213.98297,68340734883.67076,45314256793.5505,25831865985.661224,267934877126.1076,0.39608163414211894
2022-10-16 00:00:00,367311333388.66125,158212710888.88568,68438194775.62262,43707591565.8712,24290432854.40853,256412171941.9507,0.3999590136027093
2022-10-23 00:00:00,368992423438.1674,160800852583.67886,68459258527.38395,43194705585.60347,23273332123.02056,259341817553.95572,0.3993154872511526
2022-10-30 00:00:00,399339752908.6737,198186779586.80164,68993458197.64369,48036547607.75038,23541621325.358727,282623872959.6019,0.3912326178528866
2022-11-06 00:00:00,408270488371.4023,199440172278.2932,69366525368.697,55929212128.19056,24813437786.12608,299038622190.82086,0.3863057396505994
2022-11-13 00:00:00,324285158866.834,155915867689.50305,67327614661.47494,45161549953.07841,18496813443.514896,240070702923.6947,0.38094827922873153
2022-11-20 00:00:00,319803117886.30963,147745400506.50604,65892836814.1323,43254974818.06795,19065543311.83718,234900448605.19687,0.38499774148732874
2022-11-27 00:00:00,318320052479.7721,148629534654.0917,65335902504.80938,49914263643.78028,20307791498.99496,237055206704.34155,0.37914980377158836
2022-12-04 00:00:00,325838536770.5305,155448661269.84607,65450065512.145325,46566103232.81406,19785309471.218845,241415753955.8552,0.38131872141322265
2022-12-11 00:00:00,330221141788.2119,155567434133.937,65711623759.73888,46113334768.996254,19577560745.94165,239138025460.53427,0.38562409454757074
2022-12-18 00:00:00,320832127831.7744,144269244017.5977,66061524354.67516,38108021463.26878,17740222564.12023,217289517087.7337,0.3988957672882504
2022-12-25 00:00:00,324050768590.8499,149243696034.63998,66247483506.043785,39105826152.49138,17723838903.028965,214431601431.866,0.3996663589242857
2023-01-01 00:00:00,319463689333.44086,147250090263.48288,66242609148.57763,39508053712.14129,17303456447.184505,208649443949.5828,0.400121179972533
2023-01-08 00:00:00,326193070305.963,154785054118.01538,66258904386.062416,41671017511.62596,17431395818.439995,217518050717.48325,0.39593385158705835
2023-01-15 00:00:00,401289362440.0056,186608899289.65112,66286112133.19535,48662969664.68559,19899882727.31342,253807966978.24896,0.41092338172044246
2023-01-22 00:00:00,442465437887.1171,201978321149.6939,66504124799.42382,47901688270.62748,20818428235.371883,266584627368.40585,0.4229049716752433
2023-01-29 00:00:00,442571379608.6366,192414457503.5293,67522244965.70575,48124547733.877625,20749025345.87796,274176410890.1728,0.4232872319387792
2023-02-05 00:00:00,452427923928.5711,205556893984.5157,68037131272.50841,52352152465.13299,20922273726.076942,290272616250.7649,0.41523568255438875
2023-02-12 00:00:00,419711995084.9811,186618298492.8116,68333381320.21779,48834436522.36736,19450152018.896564,272199991516.0756,0.4134489647558342
2023-02-19 00:00:00,475911390089.5179,207592464322.19235,70314511362.16568,50016243954.87323,20056784789.446613,294363521019.03424,0.4255839911608002
2023-02-26 00:00:00,444515118978.92615,195657335445.4456,70806035972.12656,47595694579.890335,19271648550.622097,278775712864.0293,0.4206947326573044
2023-03-05 00:00:00,431643552019.3068,191927675972.2881,71367584425.37933,45938416396.00012,19126131518.676777,266268723753.90887,0.42059367950548365
2023-03-12 00:00:00,391107086256.522,176372318220.6457,72566046370.62328,43376574027.75352,18518974989.318943,229386080524.51663,0.41994600446172287
2023-03-19 00:00:00,533527109534.8498,222753899109.69583,76413200411.69548,53007589251.24671,19526055928.70609,270503597644.856,0.4537831395777166
2023-03-26 00:00:00,532471373965.4721,214173373542.52887,79096011105.77805,51110102106.20823,23522673918.291485,252753376350.6113,0.46176302789502954
2023-04-02 00:00:00,547959261693.85547,218966573382.03937,79712242209.80359,49597900361.55295,26384311683.324947,258117154633.8737,0.4640822263195319
2023-04-09 00:00:00,542291368570.6834,225216453728.42783,80223476275.37418,49297272728.66941,26384521096.29127,258906067078.07388,0.4586674961863326
2023-04-16 00:00:00,587843357437.156,251981214629.88925,80976762730.07274,52237699011.36919,27066946986.289974,274998326177.5929,0.4610158982467415
2023-04-23 00:00:00,532055334317.0847,224752121054.04547,81448784102.58235,51416549598.64666,24501279481.69425,250652631354.38657,0.4567678044801913
2023-04-30 00:00:00,568299311988.5696,230210874110.17783,81760003102.9055,50425560285.17573,24882359571.51961,254594193846.77173,0.46960198198580433
2023-05-07 00:00:00,554828299245.5757,226134189726.1117,82215302846.72961,50052577955.17088,23588025215.069675,241096527156.90247,0.47102578362362674
2023-05-14 00:00:00,519254823276.5358,220506648064.2612,82843751799.34135,48227782972.11894,22046744400.16104,227029236724.78168,0.46365805542603095
2023-05-21 00:00:00,521764142070.3757,218855805021.7832,82925643518.4272,48293192149.14935,24257868978.78944,231346174801.1952,0.46278545553546413
2023-05-28 00:00:00,517069587663.9703,219279285955.0757,83146521786.43849,47518165727.51884,24515573035.72504,227658042202.0216,0.4620045677620256
2023-06-04 00:00:00,527143681394.6205,228561639411.06848,83188217992.05771,47993027806.55132,27096183716.222343,233894409887.0596,0.4592335309636206
2023-06-11 00:00:00,498174773430.7211,209805167905.96667,83419260040.73663,36739124021.33059,25623974315.52837,190382200166.46655,0.47711286463474833
2023-06-18 00:00:00,513962946931.29047,208474618835.56625,83528870505.83102,37972961673.31471,24900963272.33097,200502883634.4366,0.4806342111433586
2023-06-25 00:00:00,596002357053.9546,227700807001.6365,83244843863.39417,37641878053.91824,25682210675.995808,220092509627.52072,0.5006889098612481
2023-07-02 00:00:00,594304386474.2062,231221169544.94867,83339509114.68053,38611742136.93967,24753665877.159523,226239079657.3755,0.495886094964275
2023-07-09 00:00:00,586905909684.3733,223726870167.54465,83401391691.67776,36816525208.62316,24445258696.667675,221451544387.5036,0.4987526294009328
2023-07-16 00:00:00,588623802849.1869,232386260412.7013,83646286430.75682,39025622955.19279,37949047412.85987,234591287612.7124,0.4839771472167808
2023-07-23 00:00:00,580875151398.0206,226962847667.35104,83809835079.5371,37339176439.00604,40303291105.723625,231920238613.9416,0.4835748038401469
2023-07-30 00:00:00,569362657211.5349,225072819068.5006,83824953475.49284,37196267407.27673,37319638205.17636,229955280707.8785,0.48139632818863975
2023-08-06 00:00:00,564830002691.2491,220357163481.7392,83819759819.14502,37199506932.681335,33102271981.067806,221687248662.0475,0.4865047125749529
2023-08-13 00:00:00,572612624567.4434,222489320043.8304,83368648095.96284,37041788431.3526,33257052958.0518,226372460507.82895,0.48727104973155067
2023-08-20 00:00:00,505557301697.9232,199918752651.97617,82835360683.98264,33134395416.30785,26732309293.37018,203165261602.38995,0.48086791686527675
2023-08-27 00:00:00,507189895628.3805,198480478700.18863,82795518472.77968,33422137822.99387,27851672573.46878,200931935718.01852,0.4827292151444585
2023-09-03 00:00:00,503760114836.6812,196874166994.4137,82893684078.39108,33072319690.463886,26519407023.42393,200095040554.88623,0.4828920631727704
2023-09-10 00:00:00,503510509686.6989,196247152682.4728,82992222841.6319,33058776419.75818,26716346506.649727,199780165862.1785,0.48307398087135806
2023-09-17 00:00:00,516594909327.0223,196391146036.5189,83068464428.33238,32857676463.986877,26549209646.40331,201195081379.73627,0.4888957911533208
2023-09-24 00:00:00,518000196520.94617,191449256869.78876,83220354810.52744,32418116521.69272,27177477516.92305,202001539160.86188,0.4913368485525222
