Date,Price,Open,High,Low,Vol.,Change %
2018-01-01,60.24,60.26,60.28,60.15,,-0.30%
2018-01-02,60.37,60.2,60.74,60.1,510.31K,0.22%
2018-01-03,61.63,60.39,61.97,60.28,673.86K,2.09%
2018-01-04,62.01,61.96,62.21,61.59,654.36K,0.62%
2018-01-05,61.44,61.9,62.04,61.09,563.04K,-0.92%
2018-01-08,61.73,61.61,61.97,61.34,616.47K,0.47%
2018-01-09,62.96,61.92,63.48,61.8,844.72K,1.99%
2018-01-10,63.57,63.41,63.67,63.09,697.84K,0.97%
2018-01-11,63.8,63.5,64.77,63.43,876.64K,0.36%
2018-01-12,64.3,63.57,64.5,63.06,678.73K,0.78%
2018-01-14,64.28,64.42,64.44,64.19,,-0.03%
2018-01-15,64.73,64.28,64.89,64.11,,0.70%
2018-01-16,63.73,64.43,64.89,63.39,867.77K,-1.54%
2018-01-17,63.97,63.89,64.17,63.31,444.38K,0.38%
2018-01-18,63.95,64.07,64.35,63.47,204.50K,-0.03%
2018-01-19,63.37,63.74,63.77,62.85,142.71K,-0.91%
2018-01-22,63.49,63.61,64.14,63.17,40.06K,0.19%
2018-01-23,64.47,63.88,64.88,63.7,662.46K,1.54%
2018-01-24,65.61,64.42,66.05,64.34,887.02K,1.77%
2018-01-25,65.51,65.88,66.66,65.08,771.76K,-0.15%
2018-01-26,66.14,65.25,66.35,64.91,678.19K,0.96%
2018-01-29,65.56,66.18,66.46,64.98,656.17K,-0.88%
2018-01-30,64.5,65.53,65.56,63.89,688.38K,-1.62%
2018-01-31,64.73,64.03,64.94,63.67,613.26K,0.36%
2018-02-01,65.8,64.76,66.25,64.63,685.75K,1.65%
2018-02-02,65.45,65.99,66.3,64.47,857.57K,-0.53%
2018-02-05,64.15,65.1,65.4,63.42,891.06K,-1.99%
2018-02-06,63.39,63.43,64.29,63.12,797.81K,-1.18%
2018-02-07,61.79,63.92,64.18,61.25,1.03M,-2.52%
2018-02-08,61.15,61.7,62.09,60.27,929.58K,-1.04%
2018-02-09,59.2,60.43,60.77,58.07,933.31K,-3.19%
2018-02-12,59.29,59.12,60.83,59.1,736.92K,0.15%
2018-02-13,59.19,59.35,59.73,58.39,580.60K,-0.17%
2018-02-14,60.6,58.98,60.9,58.2,650.32K,2.38%
2018-02-15,61.34,60.71,61.64,59.72,340.40K,1.22%
2018-02-16,61.68,61.45,61.99,60.88,181.18K,0.55%
2018-02-18,61.72,61.51,61.74,61.51,,0.06%
2018-02-19,62.38,61.71,62.49,61.67,,1.07%
2018-02-20,61.9,61.63,62.74,61.58,50.21K,-0.77%
2018-02-21,61.68,61.63,61.86,60.92,466.92K,-0.36%
2018-02-22,62.77,61.34,63.09,60.75,592.60K,1.77%
2018-02-23,63.55,62.6,63.73,62.33,460.60K,1.24%
2018-02-26,63.91,63.6,64.24,63.06,469.85K,0.57%
2018-02-27,63.01,64.06,64.08,62.64,562.67K,-1.41%
2018-02-28,61.64,62.79,63.44,61.36,768.41K,-2.17%
2018-03-01,60.99,61.55,61.83,60.18,812.51K,-1.05%
2018-03-02,61.25,61.34,61.6,60.13,613.51K,0.43%
2018-03-05,62.57,61.55,62.79,61.1,599.27K,2.16%
2018-03-06,62.6,62.58,63.28,62.17,634.95K,0.05%
2018-03-07,61.15,62.3,62.58,60.58,879.12K,-2.32%
2018-03-08,60.12,61.33,61.4,59.95,720.51K,-1.68%
2018-03-09,62.04,60.27,62.18,60.14,659.72K,3.19%
2018-03-12,61.36,62.1,62.33,60.67,537.99K,-1.10%
2018-03-13,60.71,61.37,61.97,60.27,747.74K,-1.06%
2018-03-14,60.96,60.87,61.33,60.11,665.02K,0.41%
2018-03-15,61.19,60.95,61.54,60.82,430.20K,0.38%
2018-03-16,62.34,61.19,62.54,61.08,202.49K,1.88%
2018-03-19,62.06,62.23,62.35,61.36,115.96K,-0.45%
2018-03-20,63.4,62.1,63.81,62.08,36.06K,2.16%
2018-03-21,65.17,63.72,65.55,63.58,763.77K,2.79%
2018-03-22,64.3,65.5,65.74,64.14,689.17K,-1.33%
2018-03-23,65.88,64.28,66,64.11,752.99K,2.46%
2018-03-26,65.55,65.9,66.55,65.08,585.90K,-0.50%
2018-03-27,65.25,65.53,66.41,64.53,670.81K,-0.46%
2018-03-28,64.38,64.7,65.13,63.72,697.68K,-1.33%
2018-03-29,64.94,64.69,65.26,64.16,562.82K,0.87%
2018-04-02,63.01,64.91,65.42,62.8,582.74K,-2.97%
2018-04-03,63.51,62.89,63.86,62.86,527.29K,0.79%
2018-04-04,63.37,63.59,63.64,62.06,760.60K,-0.22%
2018-04-05,63.54,63.6,64.12,63.07,588.60K,0.27%
2018-04-06,62.06,63.7,63.79,61.81,753.26K,-2.33%
2018-04-09,63.42,62,63.61,61.93,655.83K,2.19%
2018-04-10,65.51,63.3,65.86,63.2,840.28K,3.30%
2018-04-11,66.82,65.59,67.45,65.15,963.02K,2.00%
2018-04-12,67.07,66.75,67.33,66,687.47K,0.37%
2018-04-13,67.39,67.18,67.76,66.7,624.20K,0.48%
2018-04-16,66.22,67.24,67.74,66.13,560.08K,-1.74%
2018-04-17,66.52,66.42,66.75,65.56,486.08K,0.45%
2018-04-18,68.47,66.68,68.91,66.56,221.66K,2.93%
2018-04-19,68.29,68.75,69.56,67.98,125.99K,-0.26%
2018-04-20,68.38,68.26,68.62,67.5,32.95K,0.13%
2018-04-23,68.64,68.22,69.03,67.14,740.94K,0.38%
2018-04-24,67.7,68.95,69.38,67.54,832.30K,-1.37%
2018-04-25,68.05,67.75,68.18,67.11,764.05K,0.52%
2018-04-26,68.19,68.03,68.78,67.71,660.55K,0.21%
2018-04-27,68.1,68.21,68.36,67.64,542.55K,-0.13%
2018-04-30,68.57,68.15,69.34,67.17,755.19K,0.69%
2018-05-01,67.25,68.56,68.9,66.85,694.77K,-1.93%
2018-05-02,67.93,67.49,68.14,66.92,789.37K,1.01%
2018-05-03,68.43,67.68,68.6,67.21,691.22K,0.74%
2018-05-04,69.72,68.5,69.97,68.12,690.88K,1.89%
2018-05-07,70.73,69.85,70.84,69.51,758.92K,1.45%
2018-05-08,69.06,70.03,70.4,67.63,1.25M,-2.36%
2018-05-09,71.14,70.05,71.36,69.85,863.39K,3.01%
2018-05-10,71.36,71.23,71.89,70.56,749.81K,0.31%
2018-05-11,70.7,71.45,71.63,70.45,634.15K,-0.92%
2018-05-14,70.96,70.54,71.26,70.26,592.83K,0.37%
2018-05-15,71.31,71.15,71.92,70.42,815.29K,0.49%
2018-05-16,71.49,71.02,71.59,70.66,574.28K,0.25%
2018-05-17,71.49,71.56,72.3,71.09,562.64K,0.00%
2018-05-18,71.28,71.6,71.75,70.99,211.79K,-0.29%
2018-05-21,72.24,71.47,72.59,71.25,119.89K,1.35%
2018-05-22,72.13,72.53,72.83,71.9,31.97K,-0.15%
2018-05-23,71.84,72.11,72.26,71.19,702.79K,-0.40%
2018-05-24,70.71,71.83,72,70.52,640.73K,-1.57%
2018-05-25,67.88,70.65,70.8,67.42,955.35K,-4.00%
2018-05-27,67.36,67.44,67.48,67.02,,-0.77%
2018-05-28,67.05,67.39,67.41,65.81,,-0.46%
2018-05-29,66.73,67.55,67.55,65.8,1.06M,-0.48%
2018-05-30,68.21,66.85,68.67,66.35,726.89K,2.22%
2018-05-31,67.04,68.24,68.3,66.56,917.56K,-1.72%
2018-06-01,65.81,67.07,67.34,65.51,781.10K,-1.83%
2018-06-04,64.75,65.71,66.04,64.57,696.05K,-1.61%
2018-06-05,65.52,64.94,65.57,64.22,714.67K,1.19%
2018-06-06,64.73,65.51,65.96,64.27,708.83K,-1.21%
2018-06-07,65.95,65.07,66.07,64.81,675.04K,1.88%
2018-06-08,65.74,65.98,66.24,65.15,571.22K,-0.32%
2018-06-11,66.1,65.56,66.35,64.85,558.28K,0.55%
2018-06-12,66.36,66.05,66.7,65.87,524.41K,0.39%
2018-06-13,66.64,66.01,66.89,65.52,626.40K,0.42%
2018-06-14,66.89,66.62,67.16,66.36,460.17K,0.38%
2018-06-15,65.06,67,67.09,64.29,512.59K,-2.74%
2018-06-18,65.85,64.4,65.98,63.59,218.93K,1.21%
2018-06-19,65.07,65.82,65.9,64.39,122.65K,-1.18%
2018-06-20,66.22,65.11,66.53,65.01,30.65K,1.77%
2018-06-21,65.54,65.34,66.22,64.34,760.72K,-1.03%
2018-06-22,68.58,65.93,69.38,65.71,1.14M,4.64%
2018-06-25,68.08,68.75,69.44,67.78,816.21K,-0.73%
2018-06-26,70.53,68.21,70.91,67.72,848.54K,3.60%
2018-06-27,72.76,70.68,73.06,70.56,775.16K,3.16%
2018-06-28,73.45,72.27,74.03,72.2,717.35K,0.95%
2018-06-29,74.15,73.33,74.46,72.93,602.40K,0.95%
2018-07-02,73.94,73.62,74.35,72.51,652.17K,-0.28%
2018-07-03,74.14,74.08,75.27,72.73,667.24K,0.27%
2018-07-04,74.13,74.62,74.76,73.52,,-0.01%
2018-07-05,72.94,74.23,74.9,72.53,841.63K,-1.61%
2018-07-06,73.8,73.16,74.01,72.14,611.42K,1.18%
2018-07-09,73.85,73.87,74.28,72.99,533.00K,0.07%
2018-07-10,74.11,74.04,74.7,73.65,586.83K,0.35%
2018-07-11,70.38,74.2,74.26,70.02,861.73K,-5.03%
2018-07-12,70.33,70.6,71.24,69.23,707.89K,-0.07%
2018-07-13,71.01,70.38,71.66,69.84,530.28K,0.97%
2018-07-16,68.06,70.52,70.87,67.58,530.48K,-4.15%
2018-07-17,68.08,68.03,68.44,67.03,440.73K,0.03%
2018-07-18,68.76,67.61,69.06,67.04,187.31K,1.00%
2018-07-19,69.46,69,70.17,67.8,103.22K,1.02%
2018-07-20,70.46,69.39,71.1,69.37,25.56K,1.44%
2018-07-23,67.89,68.17,69.31,67.6,555.92K,-3.65%
2018-07-24,68.52,67.8,69.05,67.56,524.59K,0.93%
2018-07-25,69.3,68.77,69.7,68.2,622.91K,1.14%
2018-07-26,69.61,69.38,69.92,68.92,489.06K,0.45%
2018-07-27,68.69,69.58,69.77,68.26,460.45K,-1.32%
2018-07-30,70.13,69.01,70.43,68.8,463.01K,2.10%
2018-07-31,68.76,70.05,70.22,67.98,519.07K,-1.95%
2018-08-01,67.66,68.43,68.52,67.31,576.56K,-1.60%
2018-08-02,68.96,67.86,69.36,66.92,531.07K,1.92%
2018-08-03,68.49,68.99,69.24,67.87,476.62K,-0.68%
2018-08-06,69.01,68.65,69.92,68.5,495.61K,0.76%
2018-08-07,69.17,68.9,69.83,68.81,485.03K,0.23%
2018-08-08,66.94,69.09,69.37,66.32,760.31K,-3.22%
2018-08-09,66.81,66.79,67.41,66.49,509.40K,-0.19%
2018-08-10,67.63,66.74,67.87,66.14,524.49K,1.23%
2018-08-13,67.2,67.78,67.95,65.71,578.22K,-0.64%
2018-08-14,67.04,67.42,68.37,66.58,538.48K,-0.24%
2018-08-15,65.01,66.62,66.9,64.51,573.47K,-3.03%
2018-08-16,65.46,64.95,65.52,64.43,383.38K,0.69%
2018-08-17,65.91,65.47,66.39,65.3,171.40K,0.69%
2018-08-20,66.43,65.91,66.68,65.59,112.71K,0.79%
2018-08-21,67.35,66.62,68.1,66.52,27.15K,1.38%
2018-08-22,67.86,66.08,68.15,65.98,581.90K,0.76%
2018-08-23,67.83,68.07,68.12,67.32,450.69K,-0.04%
2018-08-24,68.72,67.9,69.31,67.78,517.80K,1.31%
2018-08-27,68.87,68.57,68.97,68.34,332.61K,0.22%
2018-08-28,68.53,68.93,69.2,68.21,426.83K,-0.49%
2018-08-29,69.51,68.54,69.76,68.37,497.10K,1.43%
2018-08-30,70.25,69.71,70.5,69.55,445.58K,1.06%
2018-08-31,69.8,70.06,70.36,69.64,419.74K,-0.64%
2018-09-02,69.92,69.91,69.99,69.88,,0.17%
2018-09-03,70.12,69.91,70.2,69.54,,0.29%
2018-09-04,69.87,69.89,71.4,69.08,785.98K,-0.36%
2018-09-05,68.72,69.43,69.59,68.56,542.10K,-1.65%
2018-09-06,67.77,68.64,69.02,67,633.82K,-1.38%
2018-09-07,67.75,67.88,68.08,66.86,530.90K,-0.03%
2018-09-10,67.54,67.82,68.52,67.33,571.17K,-0.31%
2018-09-11,69.25,67.53,70.01,67.48,676.87K,2.53%
2018-09-12,70.37,69.89,71.26,69.5,800.54K,1.62%
2018-09-13,68.59,70.24,70.28,68.35,684.94K,-2.53%
2018-09-14,68.99,68.79,69.91,67.94,611.08K,0.58%
2018-09-17,68.91,68.93,69.72,68.53,422.29K,-0.12%
2018-09-18,69.85,68.8,70.42,68.53,234.20K,1.36%
2018-09-19,71.12,69.71,71.5,69.65,125.21K,1.82%
2018-09-20,70.8,71.39,71.81,70.73,28.40K,-0.45%
2018-09-21,70.78,70.2,71.8,69.98,855.94K,-0.03%
2018-09-24,72.08,71.14,72.74,71.14,576.89K,1.84%
2018-09-25,72.28,72.25,72.78,71.89,551.28K,0.28%
2018-09-26,71.57,72.09,72.38,71.47,464.46K,-0.98%
2018-09-27,72.12,72.01,72.6,71.71,454.55K,0.77%
2018-09-28,73.25,72.18,73.73,71.88,544.05K,1.57%
2018-10-01,75.3,73.29,75.77,72.95,601.45K,2.80%
2018-10-02,75.23,75.42,75.91,74.93,463.62K,-0.09%
2018-10-03,76.41,75.12,76.9,74.3,698.82K,1.57%
2018-10-04,74.33,76.18,76.47,73.88,687.95K,-2.72%
2018-10-05,74.34,74.67,75.22,73.83,613.22K,0.01%
2018-10-08,74.29,74.4,74.58,73.07,554.94K,-0.07%
2018-10-09,74.96,74.21,75.28,74,623.54K,0.90%
2018-10-10,73.17,74.66,75.08,72.38,652.74K,-2.39%
2018-10-11,70.97,72.68,72.76,70.51,783.96K,-3.01%
2018-10-12,71.34,70.99,72.01,70.64,626.67K,0.52%
2018-10-15,71.78,71.85,72.7,70.85,568.61K,0.62%
2018-10-16,71.92,71.72,72.29,71.02,535.00K,0.20%
2018-10-17,69.75,72.17,72.43,69.43,651.58K,-3.02%
2018-10-18,68.65,70.03,70.03,68.47,215.34K,-1.58%
2018-10-19,69.12,68.68,69.77,68.56,108.31K,0.68%
2018-10-22,69.17,69.41,69.65,68.27,27.42K,0.07%
2018-10-23,66.43,69.55,69.66,65.74,853.27K,-3.96%
2018-10-24,66.82,66.17,67.72,66.05,775.96K,0.59%
2018-10-25,67.33,66.36,67.65,65.99,573.10K,0.76%
2018-10-26,67.59,66.95,67.88,66.2,595.21K,0.39%
2018-10-29,67.04,67.55,67.95,66.29,477.49K,-0.81%
2018-10-30,66.18,66.68,67.26,65.33,680.44K,-1.28%
2018-10-31,65.31,66.32,67,64.81,666.49K,-1.31%
2018-11-01,63.69,64.88,65.39,63.11,790.29K,-2.48%
2018-11-02,63.14,63.5,63.95,62.63,708.91K,-0.86%
2018-11-05,63.1,62.99,64.14,62.52,609.13K,-0.06%
2018-11-06,62.21,62.7,63.32,61.31,761.24K,-1.41%
2018-11-07,61.67,61.74,63.18,61.2,866.63K,-0.87%
2018-11-08,60.67,61.64,62.42,60.4,764.55K,-1.62%
2018-11-09,60.19,60.75,60.79,59.26,821.73K,-0.79%
2018-11-12,59.93,60.7,61.28,58.68,806.22K,-0.43%
2018-11-13,55.69,58.88,59.35,54.75,1.10M,-7.07%
2018-11-14,56.25,55.27,57.37,55.13,844.70K,1.01%
2018-11-15,56.46,56.02,57.26,55.59,256.50K,0.37%
2018-11-16,56.46,56.58,57.96,55.89,159.00K,0.00%
2018-11-19,56.76,56.72,57.33,55.08,33.58K,0.53%
2018-11-20,53.43,57.39,57.44,52.77,983.12K,-5.87%
2018-11-21,54.63,53.39,55.86,53.39,734.28K,2.25%
2018-11-22,54.02,54.64,54.82,53.53,,-1.12%
2018-11-23,50.42,54.66,54.82,50.15,1.01M,-6.66%
2018-11-26,51.63,50.62,52.25,50.1,663.11K,2.40%
2018-11-27,51.56,51.54,52.38,50.3,764.01K,-0.14%
2018-11-28,50.29,52.09,52.56,50.06,831.69K,-2.46%
2018-11-29,51.45,50.31,52.2,49.41,812.72K,2.31%
2018-11-30,50.93,51.27,51.79,49.65,796.71K,-1.01%
2018-12-03,52.95,52.45,53.85,52.03,758.01K,3.97%
2018-12-04,53.25,53.13,54.55,52.43,738.13K,0.57%
2018-12-05,52.89,52.59,54.44,52.16,624.91K,-0.68%
2018-12-06,51.49,52.93,53.3,50.08,987.27K,-2.65%
2018-12-07,52.61,51.76,54.22,50.6,987.72K,2.18%
2018-12-10,51,52.03,52.81,50.53,733.23K,-3.06%
2018-12-11,51.65,50.89,52.43,50.7,665.26K,1.27%
2018-12-12,51.15,51.95,52.88,50.94,730.81K,-0.97%
2018-12-13,52.58,51.2,53.27,50.35,733.63K,2.80%
2018-12-14,51.2,52.83,52.95,50.84,526.84K,-2.62%
2018-12-17,49.88,51.25,51.87,49.01,211.26K,-2.58%
2018-12-18,46.24,49.16,49.59,45.79,120.10K,-7.30%
2018-12-19,47.2,45.93,48,45.93,37.16K,2.08%
2018-12-20,45.88,47.39,47.51,45.67,794.13K,-2.80%
2018-12-21,45.59,46.25,46.77,45.13,694.00K,-0.63%
2018-12-24,42.53,45.45,46.24,42.36,415.86K,-6.71%
2018-12-25,43.16,43,43.25,42.88,,1.48%
2018-12-26,46.22,42.85,47,42.52,698.41K,7.09%
2018-12-27,44.61,46.58,46.7,44.37,665.59K,-3.48%
2018-12-28,45.33,45.44,46.22,44.42,564.39K,1.61%
2018-12-31,45.41,45.22,46.53,44.73,476.97K,0.18%
2019-01-01,45.89,45.77,45.95,45.73,,1.06%
2019-01-02,46.54,45.8,47.78,44.35,850.48K,1.42%
2019-01-03,47.09,46.26,47.49,45.35,788.72K,1.18%
2019-01-04,47.96,46.9,49.22,46.65,817.28K,1.85%
2019-01-07,48.52,48.3,49.79,48.11,819.94K,1.17%
2019-01-08,49.78,48.73,49.95,48.31,765.98K,2.60%
2019-01-09,52.36,49.8,52.58,49.71,891.92K,5.18%
2019-01-10,52.59,52.18,52.78,51.37,821.78K,0.44%
2019-01-11,51.59,52.28,53.31,51.18,812.34K,-1.90%
2019-01-14,50.51,51.73,52.11,50.38,791.53K,-2.09%
2019-01-15,52.11,50.78,52.3,50.64,664.18K,3.17%
2019-01-16,52.31,52,52.52,51.26,694.18K,0.38%
2019-01-17,52.07,52.3,52.58,50.98,288.56K,-0.46%
2019-01-18,53.8,52.23,53.92,52.09,193.10K,3.32%
2019-01-20,53.65,53.97,54.05,53.59,,-0.28%
2019-01-21,54.24,53.66,54.48,53.58,,1.10%
2019-01-22,52.57,53.73,54.24,51.8,46.03K,-3.08%
2019-01-23,52.62,52.95,53.64,51.86,702.87K,0.10%
2019-01-24,53.13,52.45,53.47,52.07,714.42K,0.97%
2019-01-25,53.69,53.17,53.94,52.91,593.39K,1.05%
2019-01-28,51.99,53.56,53.64,51.33,650.67K,-3.17%
2019-01-29,53.31,52.12,53.93,51.84,660.53K,2.54%
2019-01-30,54.23,53.24,54.93,53.09,731.31K,1.73%
2019-01-31,53.79,54.28,55.37,53.62,718.65K,-0.81%
2019-02-01,55.26,54.01,55.66,53.37,689.57K,2.73%
2019-02-04,54.56,55.32,55.75,53.29,622.47K,-1.27%
2019-02-05,53.66,54.86,55.21,53.47,609.76K,-1.65%
2019-02-06,54.01,53.73,54.3,52.86,606.72K,0.65%
2019-02-07,52.64,53.94,54.21,51.8,749.01K,-2.54%
2019-02-08,52.72,52.59,52.99,52.08,621.00K,0.15%
2019-02-11,52.41,52.66,52.78,51.23,750.24K,-0.59%
2019-02-12,53.1,52.47,54.05,52.29,708.31K,1.32%
2019-02-13,53.9,53.35,54.6,53.27,706.55K,1.51%
2019-02-14,54.41,53.96,54.68,53.08,623.55K,0.95%
2019-02-15,55.59,54.48,55.87,54.24,276.91K,2.17%
2019-02-17,56.33,56.17,56.39,56.11,,1.33%
2019-02-18,56.27,56.33,56.73,56.12,,-0.11%
2019-02-19,56.09,55.78,56.33,55.29,153.73K,-0.32%
2019-02-20,56.92,55.94,57.55,55.48,37.68K,1.48%
2019-02-21,56.96,57.24,57.61,56.64,546.20K,0.07%
2019-02-22,57.26,56.84,57.81,56.71,513.44K,0.53%
2019-02-25,55.48,57.17,57.53,55.08,723.01K,-3.11%
2019-02-26,55.5,55.46,56.08,55.02,538.92K,0.04%
2019-02-27,56.94,55.95,57.39,55.72,577.23K,2.59%
2019-02-28,57.22,57,57.43,56.43,496.68K,0.49%
2019-03-01,55.8,57.22,57.88,55.57,684.19K,-2.48%
2019-03-04,56.59,55.83,57,55.81,549.40K,1.42%
2019-03-05,56.56,56.45,57.19,56.09,538.40K,-0.05%
2019-03-06,56.22,56.28,56.4,55.42,637.68K,-0.60%
2019-03-07,56.66,56.2,56.99,56.08,628.82K,0.78%
2019-03-08,56.07,56.43,56.51,54.52,747.36K,-1.04%
2019-03-11,56.79,56.07,57.01,55.96,597.16K,1.28%
2019-03-12,56.87,56.76,57.55,56.74,652.80K,0.14%
2019-03-13,58.26,57.09,58.48,57.01,610.62K,2.44%
2019-03-14,58.61,58.35,58.74,58,567.60K,0.60%
2019-03-15,58.52,58.51,58.95,57.74,507.39K,-0.15%
2019-03-18,59.09,58.45,59.23,58.05,157.24K,0.97%
2019-03-19,59.03,59.01,59.57,58.62,114.82K,-0.10%
2019-03-20,59.83,59.02,60.12,58.39,31.13K,1.36%
2019-03-21,59.98,59.99,60.39,59.66,655.38K,0.25%
2019-03-22,59.04,59.87,60.07,58.28,738.84K,-1.57%
2019-03-25,58.82,58.98,59.35,58.17,705.40K,-0.37%
2019-03-26,59.94,59.12,60.38,59.04,685.99K,1.90%
2019-03-27,59.41,60.03,60.22,58.81,732.15K,-0.88%
2019-03-28,59.3,59.4,59.56,58.2,712.21K,-0.19%
2019-03-29,60.14,59.53,60.73,59.41,705.56K,1.42%
2019-04-01,61.59,60.24,61.8,60.13,670.81K,2.41%
2019-04-02,62.58,61.81,62.75,61.6,793.23K,1.61%
2019-04-03,62.46,62.64,62.99,62.05,799.67K,-0.19%
2019-04-04,62.1,62.5,62.77,61.89,684.97K,-0.58%
2019-04-05,63.08,62.18,63.34,61.82,686.86K,1.58%
2019-04-08,64.4,63.33,64.48,63.13,895.77K,2.09%
2019-04-09,63.98,64.4,64.79,63.68,790.68K,-0.65%
2019-04-10,64.61,64.22,64.7,64.05,722.22K,0.98%
2019-04-11,63.58,64.48,64.49,63.31,760.50K,-1.59%
2019-04-12,63.89,63.71,64.65,63.66,625.59K,0.49%
2019-04-15,63.4,63.76,63.84,63.03,555.86K,-0.77%
2019-04-16,64.05,63.57,64.37,62.99,547.47K,1.03%
2019-04-17,63.76,64.32,64.61,63.66,235.38K,-0.45%
2019-04-18,64,63.75,64.16,63.46,148.24K,0.38%
2019-04-22,65.7,64,65.92,64,30.14K,2.66%
2019-04-23,66.3,65.75,66.6,65.58,700.60K,0.91%
2019-04-24,65.89,66.17,66.43,65.66,678.39K,-0.62%
2019-04-25,65.21,65.81,66.28,64.9,603.00K,-1.03%
2019-04-26,63.3,65.13,65.18,62.28,1.00M,-2.93%
2019-04-29,63.5,62.95,63.69,62.46,654.08K,0.32%
2019-04-30,63.91,63.58,64.75,63.3,750.49K,0.65%
2019-05-01,63.6,63.4,63.93,62.77,676.87K,-0.49%
2019-05-02,61.81,63.61,63.68,60.95,914.66K,-2.81%
2019-05-03,61.94,61.55,62.52,61.3,646.87K,0.21%
2019-05-06,62.25,61.43,62.95,60.04,768.81K,0.50%
2019-05-07,61.4,62.17,62.49,60.66,842.81K,-1.37%
2019-05-08,62.12,61.44,62.37,61.07,791.77K,1.17%
2019-05-09,61.7,62.02,62.21,60.92,769.58K,-0.68%
2019-05-10,61.66,61.64,62.49,61.42,786.49K,-0.06%
2019-05-13,61.04,61.65,63.33,60.64,1.00M,-1.01%
2019-05-14,61.78,60.86,62.11,60.69,751.67K,1.21%
2019-05-15,62.02,61.37,62.34,60.85,723.00K,0.39%
2019-05-16,62.87,62.12,63.48,62.08,545.68K,1.37%
2019-05-17,62.76,63.12,63.64,62.52,215.80K,-0.17%
2019-05-20,63.1,62.93,63.81,62.45,131.89K,0.54%
2019-05-21,62.99,63.22,63.6,62.75,28.91K,-0.17%
2019-05-22,61.42,62.95,63,61.03,766.73K,-2.49%
2019-05-23,57.91,61.31,61.41,57.33,1.11M,-5.71%
2019-05-24,58.63,58.21,59.1,57.5,758.10K,1.24%
2019-05-26,58.77,58.94,59,58.67,,0.24%
2019-05-27,59.16,58.77,59.26,58.14,,0.66%
2019-05-28,59.14,58.94,59.57,58.13,1.02M,-0.03%
2019-05-29,58.81,59.07,59.14,56.88,1.12M,-0.56%
2019-05-30,56.59,59.12,59.7,56.33,842.28K,-3.77%
2019-05-31,53.5,56.46,56.61,53.05,1.03M,-5.46%
2019-06-03,53.25,53.42,54.63,52.11,984.31K,-0.47%
2019-06-04,53.48,52.89,53.78,52.43,831.63K,0.43%
2019-06-05,51.68,52.86,53.41,50.6,943.19K,-3.37%
2019-06-06,52.59,51.66,53.3,51.17,790.07K,1.76%
2019-06-07,53.99,53.1,54.32,52.62,828.13K,2.66%
2019-06-10,53.26,54.24,54.84,53.05,687.15K,-1.35%
2019-06-11,53.27,53.43,54.04,52.91,642.94K,0.02%
2019-06-12,51.14,53.04,53.05,50.72,786.11K,-4.00%
2019-06-13,52.28,51.07,53.45,50.92,945.02K,2.23%
2019-06-14,52.51,52.18,52.98,51.7,574.23K,0.44%
2019-06-17,51.93,52.5,52.74,51.58,397.87K,-1.10%
2019-06-18,53.9,51.95,54.31,51.5,181.64K,3.79%
2019-06-19,53.76,54.09,54.42,53.28,122.84K,-0.26%
2019-06-20,56.65,54.12,57.02,54.11,27.88K,5.38%
2019-06-21,57.43,57.26,57.98,56.66,676.05K,1.38%
2019-06-24,57.9,57.72,58.22,56.75,597.16K,0.82%
2019-06-25,57.83,57.74,58.84,57.2,673.14K,-0.12%
2019-06-26,59.38,58.84,59.93,58.65,686.82K,2.68%
2019-06-27,59.43,59.27,59.73,58.61,531.41K,0.08%
2019-06-28,58.47,59.22,59.8,57.75,556.10K,-1.62%
2019-07-01,59.09,59.27,60.28,58.34,674.89K,1.06%
2019-07-02,56.25,59.14,59.43,56.09,878.94K,-4.81%
2019-07-03,57.34,56.49,57.48,56.04,600.13K,1.94%
2019-07-04,56.8,57.41,57.57,56.48,,-0.94%
2019-07-05,57.51,57.38,57.82,56.29,698.02K,1.25%
2019-07-08,57.66,57.77,58.46,57.3,540.86K,0.26%
2019-07-09,57.83,57.56,59.1,57.29,551.87K,0.29%
2019-07-10,60.43,58.4,60.53,58.35,690.66K,4.50%
2019-07-11,60.2,60.44,60.94,60.14,573.02K,-0.38%
2019-07-12,60.21,60.46,60.74,59.93,469.03K,0.02%
2019-07-15,59.58,60.25,60.92,59.2,566.82K,-1.05%
2019-07-16,57.62,59.26,60.06,57.07,712.54K,-3.29%
2019-07-17,56.78,57.52,58.36,56.21,504.43K,-1.46%
2019-07-18,55.3,56.6,57.32,54.72,215.36K,-2.61%
2019-07-19,55.63,55.72,56.36,54.99,105.22K,0.60%
2019-07-22,56.22,56.22,56.84,55.72,24.30K,1.06%
2019-07-23,56.77,56.17,57.47,55.74,521.88K,0.98%
2019-07-24,55.88,57.23,57.64,55.33,745.25K,-1.57%
2019-07-25,56.02,55.9,56.99,55.81,559.28K,0.25%
2019-07-26,56.2,55.93,56.57,55.68,476.79K,0.32%
2019-07-29,56.87,56.2,57.1,55.81,529.74K,1.19%
2019-07-30,58.05,57.07,58.47,56.96,547.40K,2.07%
2019-07-31,58.58,58.34,58.82,57.81,614.00K,0.91%
2019-08-01,53.95,57.85,57.99,53.59,886.75K,-7.90%
2019-08-02,55.66,54.54,56.05,54.15,739.81K,3.17%
2019-08-05,54.69,55.38,55.61,54.22,823.84K,-1.74%
2019-08-06,53.63,54.95,55.42,53.29,682.79K,-1.94%
2019-08-07,51.09,53.42,53.77,50.52,1.06M,-4.74%
2019-08-08,52.54,52.33,53.06,51.94,724.76K,2.84%
2019-08-09,54.5,52.88,54.92,52.37,726.39K,3.73%
2019-08-12,54.93,54.32,55.18,53.54,611.03K,0.79%
2019-08-13,57.1,54.73,57.47,54.21,783.49K,3.95%
2019-08-14,55.23,56.74,56.85,53.97,718.29K,-3.27%
2019-08-15,54.47,54.9,55.33,53.77,527.87K,-1.38%
2019-08-16,54.87,54.74,55.67,54.26,168.35K,0.73%
2019-08-19,56.21,54.96,56.41,54.84,113.57K,2.44%
2019-08-20,56.34,56.1,56.6,55.28,47.45K,0.23%
2019-08-21,55.68,56.05,57.13,55.55,704.04K,-1.17%
2019-08-22,55.35,55.94,56.46,54.85,621.57K,-0.59%
2019-08-23,54.17,55.35,55.6,53.24,807.15K,-2.13%
2019-08-26,53.64,53.25,55.26,52.96,679.02K,-0.98%
2019-08-27,54.93,53.76,55.72,53.69,596.62K,2.40%
2019-08-28,55.78,55.71,56.75,55.34,674.05K,1.55%
2019-08-29,56.71,55.88,56.89,55.43,630.76K,1.67%
2019-08-30,55.1,56.63,56.72,54.55,708.27K,-2.84%
2019-09-01,54.8,55,55,54.56,,-0.54%
2019-09-02,54.66,54.81,55.22,54.36,,-0.26%
2019-09-03,53.94,55,55.24,52.84,970.80K,-1.32%
2019-09-04,56.26,53.92,56.58,53.84,682.30K,4.30%
2019-09-05,56.3,55.95,57.76,55.75,712.47K,0.07%
2019-09-06,56.52,56.19,56.95,54.83,714.29K,0.39%
2019-09-09,57.85,56.8,58.16,56.58,646.99K,2.35%
2019-09-10,57.4,58.03,58.76,57.2,755.47K,-0.78%
2019-09-11,55.75,57.89,58.3,55.61,858.77K,-2.87%
2019-09-12,55.09,55.93,56.34,54,845.98K,-1.18%
2019-09-13,54.85,55.15,55.68,54.44,599.47K,-0.44%
2019-09-16,62.9,61.48,63.38,58.77,1.40M,14.68%
2019-09-17,59.34,61.96,62.59,58.46,993.24K,-5.66%
2019-09-18,58.11,58.81,59.43,57.67,216.96K,-2.07%
2019-09-19,58.13,58.2,59.54,58.01,112.33K,0.03%
2019-09-20,58.09,58.65,59.1,57.79,37.98K,-0.07%
2019-09-23,58.64,59.25,59.39,57.37,526.79K,0.95%
2019-09-24,57.29,58.44,58.49,56.69,591.53K,-2.30%
2019-09-25,56.49,56.7,57.02,55.55,563.55K,-1.40%
2019-09-26,56.41,56.69,56.84,55.41,599.65K,-0.14%
2019-09-27,55.91,56.51,56.76,54.75,712.97K,-0.89%
2019-09-30,54.07,56.54,56.57,53.98,532.52K,-3.29%
2019-10-01,53.62,54.28,54.84,53.05,589.18K,-0.83%
2019-10-02,52.64,54,54.42,52.17,590.31K,-1.83%
2019-10-03,52.45,52.47,52.91,50.99,642.47K,-0.36%
2019-10-04,52.81,52.29,53.35,52.04,541.10K,0.69%
2019-10-07,52.75,52.69,54.06,52.59,549.02K,-0.11%
2019-10-08,52.63,52.81,53.27,51.81,658.32K,-0.23%
2019-10-09,52.59,52.57,53.74,52.31,632.67K,-0.08%
2019-10-10,53.55,52.69,53.97,51.38,613.94K,1.83%
2019-10-11,54.7,53.88,54.93,53.64,741.70K,2.15%
2019-10-14,53.59,54.9,54.9,52.77,467.64K,-2.03%
2019-10-15,52.81,53.51,53.79,52.39,511.25K,-1.46%
2019-10-16,53.36,52.92,53.74,52.51,451.64K,1.04%
2019-10-17,53.93,52.99,54.16,52.62,418.42K,1.07%
2019-10-18,53.78,54.09,54.62,53.35,174.48K,-0.28%
2019-10-21,53.31,53.71,54.03,52.71,95.98K,-0.87%
2019-10-22,54.16,53.39,54.62,53.1,33.92K,1.59%
2019-10-23,55.97,54.3,56.07,53.62,620.20K,3.34%
2019-10-24,56.23,55.9,56.51,55.41,480.76K,0.46%
2019-10-25,56.66,56.07,56.74,55.6,445.02K,0.76%
2019-10-28,55.81,56.65,56.92,55.58,437.02K,-1.50%
2019-10-29,55.54,55.8,55.91,54.61,521.46K,-0.48%
2019-10-30,55.06,55.53,55.73,54.42,659.33K,-0.86%
2019-10-31,54.18,54.9,55.59,53.71,677.42K,-1.60%
2019-11-01,56.2,54.15,56.33,54.07,538.12K,3.73%
2019-11-04,56.54,56.41,57.43,55.83,580.35K,0.60%
2019-11-05,57.23,56.56,57.5,56.3,435.32K,1.22%
2019-11-06,56.35,57.26,57.85,56.11,623.26K,-1.54%
2019-11-07,57.15,56.35,57.88,56.27,678.17K,1.42%
2019-11-08,57.24,57.08,57.48,55.76,636.94K,0.16%
2019-11-11,56.86,57.4,57.4,56.25,498.98K,-0.66%
2019-11-12,56.8,56.89,57.55,56.54,586.57K,-0.11%
2019-11-13,57.12,56.79,57.53,56.2,547.64K,0.56%
2019-11-14,56.77,57.39,57.79,56.63,516.83K,-0.61%
2019-11-15,57.72,56.91,57.97,56.43,375.99K,1.67%
2019-11-18,57.05,57.88,58.09,56.55,159.33K,-1.16%
2019-11-19,55.21,56.9,57.11,55.04,121.21K,-3.23%
2019-11-20,57.11,55.16,57.25,54.76,31.92K,3.44%
2019-11-21,58.58,57,58.67,56.6,593.53K,2.57%
2019-11-22,57.77,58.31,58.74,57.5,508.24K,-1.38%
2019-11-25,58.01,57.92,58.15,57.21,420.64K,0.42%
2019-11-26,58.41,57.92,58.56,57.76,443.82K,0.69%
2019-11-27,58.11,58.27,58.68,57.51,454.26K,-0.51%
2019-11-28,58.08,57.97,58.29,57.64,,-0.05%
2019-11-29,55.17,58.13,58.3,55.02,718.72K,-5.01%
2019-12-02,55.96,55.47,56.67,55.42,616.42K,1.43%
2019-12-03,56.1,55.96,56.8,55.35,560.55K,0.25%
2019-12-04,58.43,56.43,58.66,56.28,760.54K,4.15%
2019-12-05,58.43,58.36,59.12,58.1,649.46K,0.00%
2019-12-06,59.2,58.32,59.85,57.7,679.61K,1.32%
2019-12-09,59.02,59.11,59.25,58.23,511.56K,-0.30%
2019-12-10,59.24,58.92,59.52,58.52,566.82K,0.37%
2019-12-11,58.76,59.06,59.22,58.11,589.65K,-0.81%
2019-12-12,59.18,58.88,59.72,58.75,530.85K,0.71%
2019-12-13,60.07,59.36,60.48,59.27,512.29K,1.50%
2019-12-16,60.21,59.87,60.34,59.71,347.40K,0.23%
2019-12-17,60.94,60.23,61.06,60.03,163.74K,1.21%
2019-12-18,60.93,60.55,61.18,60.32,131.07K,-0.02%
2019-12-19,61.22,60.86,61.47,60.79,35.46K,0.48%
2019-12-20,60.44,61.11,61.2,60.02,552.52K,-1.27%
2019-12-23,60.52,60.41,60.77,60.1,314.71K,0.13%
2019-12-24,61.11,60.63,61.16,60.47,204.54K,0.97%
2019-12-25,61.19,61.45,61.52,61.17,,0.13%
2019-12-26,61.68,61.2,61.83,61.06,265.09K,0.80%
2019-12-27,61.72,61.73,61.97,61.24,351.90K,0.06%
2019-12-30,61.68,61.71,62.34,61.09,427.15K,-0.06%
2019-12-31,61.06,61.68,61.88,60.63,494.54K,-1.01%
2020-01-01,61.33,61.52,61.54,61.33,,0.44%
2020-01-02,61.18,61.6,61.6,60.64,486.87K,-0.24%
2020-01-03,63.05,61.18,64.09,61.13,885.86K,3.06%
2020-01-06,63.27,63.71,64.72,62.64,724.24K,0.35%
2020-01-07,62.7,62.91,63.15,62.11,582.65K,-0.90%
2020-01-08,59.61,62.84,65.65,59.15,1.21M,-4.93%
2020-01-09,59.56,59.99,60.31,58.66,750.93K,-0.08%
2020-01-10,59.04,59.61,59.78,58.85,596.19K,-0.87%
2020-01-13,58.08,59.04,59.27,57.91,584.00K,-1.63%
2020-01-14,58.23,58.03,58.72,57.72,507.71K,0.26%
2020-01-15,57.81,58.2,58.36,57.36,433.17K,-0.72%
2020-01-16,58.52,58.1,58.87,57.56,182.87K,1.23%
2020-01-17,58.54,58.59,58.98,58.27,122.56K,0.03%
2020-01-19,59.27,59.36,59.66,59.2,,1.25%
2020-01-20,58.73,59.28,59.32,58.56,,-0.91%
2020-01-21,58.34,59.17,59.73,57.68,50.18K,-0.66%
2020-01-22,56.74,58.26,58.38,56.03,620.12K,-2.74%
2020-01-23,55.59,56.11,56.27,54.77,704.00K,-2.03%
2020-01-24,54.19,55.69,55.95,53.85,586.20K,-2.52%
2020-01-27,53.14,53.7,53.71,52.13,712.88K,-1.94%
2020-01-28,53.48,52.77,54.06,52.68,633.96K,0.64%
2020-01-29,53.33,53.97,54.37,52.81,624.98K,-0.28%
2020-01-30,52.14,53.09,53.2,51.66,720.12K,-2.23%
2020-01-31,51.56,52.92,53.36,50.97,827.91K,-1.11%
2020-02-03,50.11,51.01,51.97,49.8,876.04K,-2.81%
2020-02-04,49.61,49.94,51.55,49.31,859.36K,-1.00%
2020-02-05,50.75,49.51,51.88,49.47,887.95K,2.30%
2020-02-06,50.95,51.17,52.2,50.24,750.66K,0.39%
2020-02-07,50.32,51.11,51.48,50.09,768.35K,-1.24%
2020-02-10,49.57,50.12,50.49,49.42,715.89K,-1.49%
2020-02-11,49.94,49.61,50.69,49.58,725.73K,0.75%
2020-02-12,51.17,49.96,51.73,49.95,795.26K,2.46%
2020-02-13,51.42,51.72,51.96,50.6,745.40K,0.49%
2020-02-14,52.05,51.51,52.34,51.32,607.34K,1.23%
2020-02-16,52.36,52.45,52.63,52.34,,0.60%
2020-02-17,52.2,52.34,52.59,52.05,,-0.31%
2020-02-18,52.05,52.23,52.41,50.88,221.77K,-0.29%
2020-02-19,53.29,52.12,53.66,51.93,113.68K,2.38%
2020-02-20,53.78,53.5,54.5,53.22,30.67K,0.92%
2020-02-21,53.38,53.74,53.86,52.55,707.56K,-0.74%
2020-02-24,51.43,52.6,52.64,50.45,765.52K,-3.65%
2020-02-25,49.9,51.37,52.02,49.69,764.99K,-2.97%
2020-02-26,48.73,50.08,50.44,48.3,884.48K,-2.34%
2020-02-27,47.09,48.63,48.78,45.88,1.01M,-3.37%
2020-02-28,44.76,46.49,47.03,43.85,1.10M,-4.95%
2020-03-02,46.75,43.7,47.56,43.32,949.47K,4.45%
2020-03-03,47.18,47.72,48.66,46.47,1.01M,0.92%
2020-03-04,46.78,46.94,48.41,46.65,745.86K,-0.85%
2020-03-05,45.9,47.13,47.57,45.65,704.59K,-1.88%
2020-03-06,41.28,46.09,46.38,41.05,1.28M,-10.07%
2020-03-09,31.13,32.87,34.88,27.34,1.77M,-24.59%
2020-03-10,34.36,30.37,35.02,30.2,1.06M,10.38%
2020-03-11,32.98,34.62,36.35,32.56,874.65K,-4.02%
2020-03-12,31.5,33.07,33.63,30.02,1.03M,-4.49%
2020-03-13,31.73,30.77,33.87,30.33,743.13K,0.73%
2020-03-16,28.7,33.75,33.75,28.1,698.83K,-9.55%
2020-03-17,26.95,28.69,30.3,26.63,545.82K,-6.10%
2020-03-18,20.37,26.94,27.22,20.06,309.48K,-24.42%
2020-03-19,25.22,22.3,27.71,21.36,136.72K,23.81%
2020-03-20,22.43,24.73,27.89,19.46,29.76K,-11.06%
2020-03-23,23.36,22.52,24.07,20.8,852.95K,4.15%
2020-03-24,24.01,23.87,25.16,23.09,659.70K,2.78%
2020-03-25,24.49,24.37,25.24,22.91,618.73K,2.00%
2020-03-26,22.6,24.25,24.65,22.38,633.88K,-7.72%
2020-03-27,21.51,23.29,23.44,20.88,603.12K,-4.82%
2020-03-30,20.09,20.93,20.93,19.27,758.71K,-6.60%
2020-03-31,20.48,20.23,21.89,20.01,660.08K,1.94%
2020-04-01,20.31,20.1,21.55,19.9,703.29K,-0.83%
2020-04-02,25.32,21.22,27.39,20.76,1.10M,24.67%
2020-04-03,28.34,24.81,29.13,23.52,1.01M,11.93%
2020-04-06,26.08,26.09,28.24,25.28,752.71K,-7.97%
2020-04-07,23.63,26.34,27.24,23.54,797.71K,-9.39%
2020-04-08,25.09,24.3,26.45,23.74,823.55K,6.18%
2020-04-09,22.76,26.28,28.36,22.57,1.12M,-9.29%
2020-04-13,22.41,24.6,24.74,22.03,775.12K,-1.54%
2020-04-14,20.11,22.36,23.08,19.95,785.48K,-10.26%
2020-04-15,19.87,20.72,20.89,19.2,544.80K,-1.19%
2020-04-16,19.87,20.15,20.53,19.42,350.94K,0.00%
2020-04-17,18.27,20,20.22,17.31,240.63K,-8.05%
2020-04-20,-37.63,17.73,17.85,-40.32,247.95K,-305.97%
2020-04-21,10.01,-14,13.86,-16.74,18.44K,-126.60%
2020-04-22,13.78,13.12,16.18,10.26,1.24M,37.66%
2020-04-23,16.5,14.2,18.26,13.35,833.58K,19.74%
2020-04-24,16.94,16.78,17.97,15.64,600.22K,2.67%
2020-04-27,12.78,16.84,16.98,11.88,623.20K,-24.56%
2020-04-28,12.34,12.96,13.69,10.07,897.09K,-3.44%
2020-04-29,15.06,13.35,16.78,12.67,554.13K,22.04%
2020-04-30,18.84,15.64,19.44,15.45,545.34K,25.10%
2020-05-01,19.78,19.04,20.48,18.07,403.20K,4.99%
2020-05-04,20.39,19.11,21.42,18.05,311.49K,3.08%
2020-05-05,24.56,21.24,25.49,21.13,387.24K,20.45%
2020-05-06,23.99,25.52,26.08,22.58,381.17K,-2.32%
2020-05-07,23.55,24.09,26.74,22.94,310.26K,-1.83%
2020-05-08,24.74,23.35,24.99,23.26,205.18K,5.05%
2020-05-11,24.14,24.49,25.58,23.67,179.59K,-2.43%
2020-05-12,25.78,24.49,26.23,24.22,212.34K,6.79%
2020-05-13,25.29,25.3,26.45,24.79,150.86K,-1.90%
2020-05-14,27.56,25.56,27.96,25.18,160.51K,8.98%
2020-05-15,29.43,27.64,29.92,27.24,108.02K,6.79%
2020-05-18,31.82,29.53,33.32,29.53,89.38K,8.12%
2020-05-19,32.5,32.83,33.44,31.34,36.07K,2.14%
2020-05-20,33.49,31.89,33.78,31.56,406.43K,3.05%
2020-05-21,33.92,33.53,34.66,33.26,372.81K,1.28%
2020-05-22,33.25,33.95,34,30.72,429.04K,-1.98%
2020-05-24,32.9,33.38,33.42,32.5,,-1.05%
2020-05-25,33.92,32.92,34.18,32.72,,3.10%
2020-05-26,34.35,33.3,34.81,32.48,466.74K,1.27%
2020-05-27,32.81,34.14,34.32,31.75,415.25K,-4.48%
2020-05-28,33.71,32.1,34.21,31.14,440.17K,2.74%
2020-05-29,35.49,33.68,35.77,32.36,443.65K,5.28%
2020-06-01,35.44,35.21,35.9,34.27,385.71K,-0.14%
2020-06-02,36.81,35.56,37.06,35.28,343.48K,3.87%
2020-06-03,37.29,36.86,38.18,35.88,494.25K,1.30%
2020-06-04,37.41,36.76,37.62,36.38,307.61K,0.32%
2020-06-05,39.55,37.33,39.68,37.05,396.86K,5.72%
2020-06-08,38.19,39.41,40.44,37.96,416.64K,-3.44%
2020-06-09,38.94,38.22,39.1,37.07,396.03K,1.96%
2020-06-10,39.6,38.5,39.91,37.73,385.87K,1.69%
2020-06-11,36.34,39.09,39.09,35.41,513.91K,-8.23%
2020-06-12,36.26,36.26,36.99,34.48,406.51K,-0.22%
2020-06-15,37.12,36.03,37.26,34.36,387.55K,2.37%
2020-06-16,38.38,37.05,39.06,36.38,366.32K,3.39%
2020-06-17,37.96,37.93,38.75,37.21,239.52K,-1.09%
2020-06-18,38.84,37.74,38.97,37.11,113.38K,2.32%
2020-06-19,39.75,38.85,40.49,38.4,64.11K,2.34%
2020-06-22,40.46,39.18,40.7,39.12,29.89K,1.79%
2020-06-23,40.37,40.68,41.63,39.76,368.73K,-0.22%
2020-06-24,38.01,39.99,40.54,37.31,499.49K,-5.85%
2020-06-25,38.72,38.05,39.23,37.08,451.64K,1.87%
2020-06-26,38.49,39.09,39.35,37.79,356.71K,-0.59%
2020-06-29,39.7,37.96,39.89,37.5,343.91K,3.14%
2020-06-30,39.27,39.64,40.08,38.85,370.06K,-1.08%
2020-07-01,39.82,39.84,40.58,39.05,407.17K,1.40%
2020-07-02,40.65,39.78,40.74,39.46,347.10K,2.08%
2020-07-03,40.28,40.23,40.5,39.86,,-0.91%
2020-07-06,40.63,40.31,41.08,39.84,373.24K,0.87%
2020-07-07,40.62,40.68,40.95,39.9,256.60K,-0.02%
2020-07-08,40.9,40.48,41.08,40.3,286.74K,0.69%
2020-07-09,39.62,40.87,40.99,39.27,367.39K,-3.13%
2020-07-10,40.55,39.58,40.77,38.54,393.15K,2.35%
2020-07-13,40.1,40.35,40.72,39.47,370.72K,-1.11%
2020-07-14,40.29,39.6,40.57,39.07,426.97K,0.47%
2020-07-15,41.2,40.55,41.26,40.08,352.54K,2.26%
2020-07-16,40.75,40.97,41.18,40.52,200.10K,-1.09%
2020-07-17,40.59,40.72,40.9,40.02,88.22K,-0.39%
2020-07-20,40.81,40.64,40.91,39.83,60.18K,0.54%
2020-07-21,41.96,40.65,42.4,40.64,25.62K,2.82%
2020-07-22,41.9,41.54,42.03,41.14,333.65K,-0.14%
2020-07-23,41.07,41.95,42.36,40.83,389.41K,-1.98%
2020-07-24,41.29,41.06,41.67,40.66,353.16K,0.54%
2020-07-27,41.6,41.26,41.82,40.48,377.71K,0.75%
2020-07-28,41.04,41.65,41.93,40.85,276.80K,-1.35%
2020-07-29,41.27,41.13,41.57,40.93,295.86K,0.56%
2020-07-30,39.92,41.32,41.39,38.72,487.33K,-3.27%
2020-07-31,40.27,40.34,40.55,39.66,318.79K,0.88%
2020-08-03,41.01,40.39,41.24,39.58,338.33K,1.84%
2020-08-04,41.7,40.78,42.08,40.14,451.58K,1.68%
2020-08-05,42.19,41.56,43.52,41.47,491.27K,1.18%
2020-08-06,41.95,42.19,42.65,41.61,359.61K,-0.57%
2020-08-07,41.22,41.97,42.22,41.06,399.00K,-1.74%
2020-08-10,41.94,41.5,42.33,41.17,367.80K,1.75%
2020-08-11,41.61,41.98,42.94,41.48,432.84K,-0.79%
2020-08-12,42.67,41.62,42.9,41.53,397.83K,2.55%
2020-08-13,42.24,42.57,42.84,42.09,329.51K,-1.01%
2020-08-14,42.01,42.33,42.57,41.62,310.87K,-0.54%
2020-08-17,42.89,42.24,42.97,41.8,208.43K,2.09%
2020-08-18,42.89,42.79,42.99,42.11,111.63K,0.00%
2020-08-19,42.93,42.6,43.03,42.36,81.30K,0.09%
2020-08-20,42.58,42.74,42.79,41.5,27.43K,-0.82%
2020-08-21,42.34,42.75,42.96,41.46,345.37K,-0.56%
2020-08-24,42.62,42.48,42.89,42.23,294.73K,0.66%
2020-08-25,43.35,42.36,43.57,42.31,330.80K,1.71%
2020-08-26,43.39,43.39,43.78,43,262.24K,0.09%
2020-08-27,43.04,43.45,43.5,42.36,320.97K,-0.81%
2020-08-28,42.97,42.98,43.42,42.69,272.80K,-0.16%
2020-08-31,42.61,42.91,43.57,42.56,236.88K,-0.84%
2020-09-01,42.76,42.83,43.43,42.72,285.15K,0.35%
2020-09-02,41.51,43.02,43.21,41.23,421.77K,-2.92%
2020-09-03,41.37,41.63,41.79,40.22,417.63K,-0.34%
2020-09-04,39.77,41.25,41.87,39.35,444.18K,-3.87%
2020-09-06,38.75,39.47,39.48,38.57,,-2.56%
2020-09-07,39.2,38.77,39.53,38.77,,1.16%
2020-09-08,36.76,39.48,39.59,36.13,720.98K,-6.22%
2020-09-09,38.05,36.79,38.45,36.16,455.36K,3.51%
2020-09-10,37.3,37.8,38.18,36.93,367.56K,-1.97%
2020-09-11,37.33,37.01,37.82,36.67,363.79K,0.08%
2020-09-14,37.26,37.32,37.68,36.82,347.56K,-0.19%
2020-09-15,38.28,37.28,38.57,37.06,348.86K,2.74%
2020-09-16,40.16,38.35,40.34,38.35,367.61K,4.91%
2020-09-17,40.97,40.19,41.22,39.42,280.67K,2.02%
2020-09-18,41.11,40.97,41.49,40.3,73.76K,0.34%
2020-09-21,39.31,40.98,41.27,38.66,66.20K,-4.38%
2020-09-22,39.6,39.63,40.02,39,23.22K,0.74%
2020-09-23,39.93,39.76,40.75,39.26,318.75K,0.83%
2020-09-24,40.31,39.6,40.37,39.12,269.99K,0.95%
2020-09-25,40.25,40.15,40.64,39.71,229.03K,-0.15%
2020-09-28,40.6,40.07,40.8,39.78,226.43K,0.87%
2020-09-29,39.29,40.58,40.7,38.41,379.60K,-3.23%
2020-09-30,40.22,39.16,40.37,38.68,340.29K,2.37%
2020-10-01,38.72,39.9,40.47,37.61,443.44K,-3.73%
2020-10-02,37.05,38.6,38.65,36.63,391.43K,-4.31%
2020-10-05,39.22,37,39.72,37,378.58K,5.86%
2020-10-06,40.67,39.35,40.86,39.1,400.53K,3.70%
2020-10-07,39.95,39.83,40.35,39.28,433.07K,-1.77%
2020-10-08,41.19,39.99,41.33,39.76,409.79K,3.10%
2020-10-09,40.6,41.31,41.47,40.38,331.70K,-1.43%
2020-10-12,39.43,40.4,40.45,39.04,322.04K,-2.88%
2020-10-13,40.2,39.53,40.53,39.35,375.47K,1.95%
2020-10-14,41.04,40.19,41.16,39.82,328.30K,2.09%
2020-10-15,40.96,41.13,41.29,39.22,248.25K,-0.19%
2020-10-16,40.88,40.88,41.05,40.08,96.49K,-0.20%
2020-10-19,40.83,40.69,41.22,40.54,75.34K,-0.12%
2020-10-20,41.46,40.65,41.7,40.25,24.52K,1.54%
2020-10-21,40.03,41.22,41.59,39.78,366.90K,-3.45%
2020-10-22,40.64,40.04,41.02,39.71,307.49K,1.52%
2020-10-23,39.85,40.61,40.92,39.57,268.93K,-1.94%
2020-10-26,38.56,39.69,39.74,38.28,360.18K,-3.24%
2020-10-27,39.57,38.59,39.83,38.51,339.54K,2.62%
2020-10-28,37.39,38.97,39.01,36.97,489.95K,-5.51%
2020-10-29,36.17,37.39,37.76,34.92,568.82K,-3.26%
2020-10-30,35.79,36.07,36.6,35.21,388.97K,-1.05%
2020-11-02,36.81,35.24,37.15,33.64,489.20K,2.85%
2020-11-03,37.66,37.03,38.32,36.57,410.61K,2.31%
2020-11-04,39.15,38.15,39.25,37.26,437.00K,3.96%
2020-11-05,38.79,39.17,39.35,38.27,298.37K,-0.92%
2020-11-06,37.14,38.54,38.61,37.06,411.03K,-4.25%
2020-11-09,40.29,37.34,41.33,37.16,622.92K,8.48%
2020-11-10,41.36,39.91,41.84,39.41,457.05K,2.66%
2020-11-11,41.45,41.79,43.06,41.32,443.77K,0.22%
2020-11-12,41.12,41.47,42.19,40.87,401.03K,-0.80%
2020-11-13,40.13,40.94,40.94,40.06,338.19K,-2.41%
2020-11-16,41.34,40.17,42.09,40.15,378.79K,3.02%
2020-11-17,41.43,41.44,41.69,40.57,243.68K,0.22%
2020-11-18,41.82,41.35,42.46,41.08,107.01K,0.94%
2020-11-19,41.74,41.61,41.98,41.08,88.14K,-0.19%
2020-11-20,42.15,41.7,42.32,41.51,29.78K,0.98%
2020-11-23,43.06,42.46,43.36,42.29,300.72K,2.16%
2020-11-24,44.91,42.84,45.2,42.82,418.53K,4.30%
2020-11-25,45.71,44.82,46.26,44.73,417.18K,1.78%
2020-11-26,44.98,45.77,46.09,44.73,,-1.60%
2020-11-27,45.53,45.9,46.09,44.55,365.13K,1.22%
2020-11-30,45.34,45.34,45.8,44.42,370.76K,-0.42%
2020-12-01,44.55,45.08,45.7,44.12,314.92K,-1.74%
2020-12-02,45.28,44.38,45.92,43.92,368.85K,1.64%
2020-12-03,45.64,44.99,45.84,44.66,350.77K,0.80%
2020-12-04,46.26,45.64,46.68,45.61,335.45K,1.36%
2020-12-07,45.76,46.15,46.54,45.36,348.87K,-1.08%
2020-12-08,45.6,45.66,45.93,45.14,332.64K,-0.35%
2020-12-09,45.52,45.6,46.24,44.95,434.98K,-0.18%
2020-12-10,46.78,45.69,47.74,45.52,447.53K,2.77%
2020-12-11,46.57,46.97,47.29,46.34,367.31K,-0.45%
2020-12-14,46.99,46.73,47.44,45.69,403.54K,0.90%
2020-12-15,47.62,46.99,47.73,46.54,311.17K,1.34%
2020-12-16,47.82,47.6,47.94,47.17,275.33K,0.42%
2020-12-17,48.36,47.85,48.59,47.81,96.54K,1.13%
2020-12-18,49.1,48.43,49.28,48.1,83.71K,1.53%
2020-12-21,47.74,48.54,48.61,46.18,27.96K,-2.77%
2020-12-22,47.02,47.93,47.96,46.6,295.74K,-1.51%
2020-12-23,48.12,46.79,48.5,46.16,344.31K,2.34%
2020-12-24,48.23,48.09,48.62,47.56,167.39K,0.23%
2020-12-28,47.62,48.23,48.96,47.5,238.46K,-1.26%
2020-12-29,48,47.72,48.35,47.68,213.78K,0.80%
2020-12-30,48.4,48.13,48.66,47.61,266.96K,0.83%
2020-12-31,48.52,48.35,48.58,47.77,181.89K,0.25%
2021-01-04,47.62,48.4,49.83,47.18,528.53K,-1.85%
2021-01-05,49.93,47.38,50.2,47.24,643.19K,4.85%
2021-01-06,50.63,49.82,50.94,49.48,509.37K,1.40%
2021-01-07,50.83,50.53,51.28,50.39,369.29K,0.40%
2021-01-08,52.24,50.93,52.75,50.81,499.42K,2.77%
2021-01-11,52.25,52.58,52.7,51.5,394.82K,0.02%
2021-01-12,53.21,52.18,53.45,52.07,400.20K,1.84%
2021-01-13,52.91,53.31,53.93,52.58,429.90K,-0.56%
2021-01-14,53.57,52.84,53.75,52.24,390.09K,1.25%
2021-01-15,52.36,53.8,53.83,51.83,165.67K,-2.26%
2021-01-17,52.2,52.09,52.38,52.09,,-0.31%
2021-01-18,52.36,52.2,52.61,51.83,,0.31%
2021-01-19,52.98,52,53.13,51.76,125.96K,1.18%
2021-01-20,53.24,53.13,53.79,53.05,37.84K,0.49%
2021-01-21,53.13,52.93,53.41,52.75,352.40K,-0.21%
2021-01-22,52.27,53.1,53.16,51.44,437.48K,-1.62%
2021-01-25,52.77,52.17,52.95,51.82,349.08K,0.96%
2021-01-26,52.61,52.91,53.25,52.29,314.54K,-0.30%
2021-01-27,52.85,52.76,53.3,51.85,442.38K,0.46%
2021-01-28,52.34,52.65,53.58,52.04,411.41K,-0.96%
2021-01-29,52.2,52.15,53.25,51.93,410.91K,-0.27%
2021-02-01,53.55,51.99,53.74,51.64,416.07K,2.59%
2021-02-02,54.76,53.48,55.26,53.45,463.72K,2.26%
2021-02-03,55.69,55.05,56.33,54.81,448.69K,1.70%
2021-02-04,56.23,55.96,56.58,55.3,381.40K,0.97%
2021-02-05,56.85,56.46,57.29,56.43,400.83K,1.10%
2021-02-08,57.97,57.06,58.14,57,399.72K,1.97%
2021-02-09,58.36,58.11,58.62,57.27,514.70K,0.67%
2021-02-10,58.68,58.45,58.91,58.08,457.54K,0.55%
2021-02-11,58.24,58.4,58.71,57.84,380.45K,-0.75%
2021-02-12,59.47,57.94,59.82,57.41,480.82K,2.11%
2021-02-14,60.37,60.01,60.75,60.01,,1.51%
2021-02-15,60.09,60.36,60.95,59.96,,-0.46%
2021-02-16,60.05,59.98,60.95,59.33,602.33K,-0.07%
2021-02-17,61.14,60.24,61.73,59.43,335.42K,1.82%
2021-02-18,60.52,61.68,62.26,59.79,132.04K,-1.01%
2021-02-19,59.24,60.2,60.29,58.59,102.43K,-2.12%
2021-02-22,61.49,58.88,61.84,58.82,37.04K,3.80%
2021-02-23,61.67,62.16,63,60.67,570.68K,0.29%
2021-02-24,63.22,61.29,63.51,60.97,489.93K,2.51%
2021-02-25,63.53,63.39,63.81,62.65,510.36K,0.49%
2021-02-26,61.5,63.46,63.57,61.34,472.72K,-3.20%
2021-03-01,60.64,61.95,62.92,59.96,456.68K,-1.40%
2021-03-02,59.75,60.23,61.21,59.38,464.13K,-1.47%
2021-03-03,61.28,59.55,61.99,59.24,465.31K,2.56%
2021-03-04,63.83,61.08,64.86,60.52,694.63K,4.16%
2021-03-05,66.09,64.16,66.42,63.82,573.17K,3.54%
2021-03-08,65.05,66.68,67.98,64.57,533.38K,-1.57%
2021-03-09,64.01,64.73,65.98,63.63,554.56K,-1.60%
2021-03-10,64.44,63.84,64.96,63.13,498.49K,0.67%
2021-03-11,66.02,64.7,66.21,64.54,441.06K,2.45%
2021-03-12,65.61,65.96,66.24,65.41,321.71K,-0.62%
2021-03-15,65.39,65.56,66.4,64.13,378.01K,-0.34%
2021-03-16,64.8,65.33,65.43,63.8,317.54K,-0.90%
2021-03-17,64.6,64.75,65.34,63.6,254.72K,-0.31%
2021-03-18,60,64.42,64.82,58.2,143.60K,-7.12%
2021-03-19,61.42,59.56,61.72,58.94,84.17K,2.37%
2021-03-22,61.55,61.55,61.9,60.39,28.26K,0.21%
2021-03-23,57.76,61.28,61.35,57.25,712.32K,-6.16%
2021-03-24,61.18,57.4,61.34,57.29,566.29K,5.92%
2021-03-25,58.56,60.8,60.86,57.44,580.11K,-4.28%
2021-03-26,60.97,58.48,61.36,58.32,472.00K,4.12%
2021-03-29,61.56,60.93,61.77,59.41,449.36K,0.97%
2021-03-30,60.55,61.96,62.27,59.94,388.19K,-1.64%
2021-03-31,59.16,60.45,61.17,58.85,414.16K,-2.30%
2021-04-01,61.45,59.49,61.75,58.86,605.57K,3.87%
2021-04-05,58.65,61.5,61.5,57.63,438.86K,-4.56%
2021-04-06,59.33,58.8,60.9,58.62,457.35K,1.16%
2021-04-07,59.77,59.26,60.04,58.12,475.54K,0.74%
2021-04-08,59.6,59.52,59.93,58.82,419.91K,-0.28%
2021-04-09,59.32,59.76,59.95,59.1,351.44K,-0.47%
2021-04-12,59.7,59.35,60.77,58.73,410.22K,0.64%
2021-04-13,60.18,59.64,60.59,59.64,349.73K,0.80%
2021-04-14,63.15,60.44,63.44,60.38,419.81K,4.94%
2021-04-15,63.46,62.83,63.57,62.53,243.37K,0.49%
2021-04-16,63.13,63.32,63.88,62.83,87.80K,-0.52%
2021-04-19,63.38,62.98,63.63,62.63,74.38K,0.40%
2021-04-20,62.44,63.47,64.25,61.5,33.04K,-1.48%
2021-04-21,61.35,62.39,62.56,60.86,431.49K,-1.75%
2021-04-22,61.43,61.11,61.87,60.61,344.70K,0.13%
2021-04-23,62.14,61.65,62.43,61.25,345.41K,1.16%
2021-04-26,61.91,62.06,62.31,60.66,366.87K,-0.37%
2021-04-27,62.94,61.97,63.3,61.91,361.54K,1.66%
2021-04-28,63.86,63.04,64.53,62.67,387.68K,1.46%
2021-04-29,65.01,63.7,65.47,63.65,384.49K,1.80%
2021-04-30,63.58,64.88,64.95,63.08,400.52K,-2.20%
2021-05-03,64.49,63.64,64.68,62.91,285.97K,1.43%
2021-05-04,65.69,64.53,66.19,64.29,370.21K,1.86%
2021-05-05,65.63,66.45,66.76,64.92,460.07K,-0.09%
2021-05-06,64.71,65.27,65.98,64.5,389.21K,-1.40%
2021-05-07,64.9,64.9,65.24,63.9,431.42K,0.29%
2021-05-10,64.92,65.57,65.75,63.95,448.34K,0.03%
2021-05-11,65.28,64.9,65.5,63.68,514.95K,0.55%
2021-05-12,66.08,65.46,66.63,64.97,508.52K,1.23%
2021-05-13,63.82,65.75,65.81,63.09,547.69K,-3.42%
2021-05-14,65.37,63.83,65.62,63.33,383.75K,2.43%
2021-05-17,66.27,65.5,66.43,64.83,268.48K,1.38%
2021-05-18,65.49,66.33,67.01,64.11,167.35K,-1.18%
2021-05-19,63.36,65.28,65.35,61.95,101.90K,-3.25%
2021-05-20,62.05,63.39,63.96,61.89,29.62K,-2.07%
2021-05-21,63.58,61.89,64.07,61.56,530.83K,2.47%
2021-05-24,66.05,63.87,66.14,63.63,466.65K,3.88%
2021-05-25,66.07,66.02,66.51,65.41,497.39K,0.03%
2021-05-26,66.21,66.04,66.43,65.25,376.21K,0.21%
2021-05-27,66.85,66.16,66.92,65.47,337.54K,0.97%
2021-05-28,66.32,66.95,67.52,66.17,390.46K,-0.79%
2021-05-30,66.59,66.7,66.75,66.53,,0.41%
2021-05-31,66.96,66.58,67.41,66.41,,0.56%
2021-06-01,67.72,66.68,68.87,66.41,570.99K,1.14%
2021-06-02,68.83,67.99,69,67.78,333.00K,1.64%
2021-06-03,68.81,68.76,69.4,68.19,351.37K,-0.03%
2021-06-04,69.62,68.91,69.76,68.33,326.25K,1.18%
2021-06-07,69.23,69.52,70,68.93,365.62K,-0.56%
2021-06-08,70.05,69.29,70.27,68.47,441.30K,1.18%
2021-06-09,69.96,70.01,70.62,69.46,410.82K,-0.13%
2021-06-10,70.29,69.76,70.65,68.68,492.46K,0.47%
2021-06-11,70.91,70.1,71.24,69.68,563.58K,0.88%
2021-06-14,70.88,70.65,71.78,70.65,319.64K,-0.04%
2021-06-15,72.12,71.16,72.49,70.81,336.04K,1.75%
2021-06-16,72.15,72.45,72.99,71.61,426.78K,0.04%
2021-06-17,71.04,71.65,72.3,69.77,373.78K,-1.54%
2021-06-18,71.64,71.1,72.17,70.16,139.58K,0.84%
2021-06-21,73.66,71.52,73.96,71.15,123.66K,2.82%
2021-06-22,73.06,73.41,73.95,72.94,29.00K,-0.81%
2021-06-23,73.08,72.91,74.25,72.82,429.21K,0.03%
2021-06-24,73.3,73.28,73.61,72.32,334.83K,0.30%
2021-06-25,74.05,73.32,74.18,72.85,364.72K,1.02%
2021-06-28,72.91,73.99,74.45,72.62,354.70K,-1.54%
2021-06-29,72.98,72.78,73.81,71.97,321.45K,0.10%
2021-06-30,73.47,73.47,74.14,72.82,383.63K,0.67%
2021-07-01,75.23,73.5,76.22,73.39,615.68K,2.40%
2021-07-02,75.16,75.02,75.62,74.41,377.53K,-0.09%
2021-07-04,75.14,75.22,75.28,75,,-0.03%
2021-07-05,76.25,75.15,76.4,74.75,,1.48%
2021-07-06,73.37,75.35,76.98,72.94,714.04K,-3.78%
2021-07-07,72.2,73.85,74.86,71.07,607.97K,-1.59%
2021-07-08,72.94,72.17,73.26,70.76,529.69K,1.02%
2021-07-09,74.56,73.26,74.76,72.72,422.15K,2.22%
2021-07-12,74.1,74.74,74.93,73.16,397.93K,-0.62%
2021-07-13,75.25,74.18,75.52,73.68,444.08K,1.55%
2021-07-14,73.13,75.17,75.44,72.21,528.36K,-2.82%
2021-07-15,71.65,72.96,72.96,71.4,368.68K,-2.02%
2021-07-16,71.81,71.48,72.3,70.41,133.93K,0.22%
2021-07-19,66.42,71.49,71.67,65.63,82.57K,-7.51%
2021-07-20,67.42,66.6,67.65,65.21,29.74K,1.51%
2021-07-21,70.3,66.45,70.51,66.44,503.03K,4.27%
2021-07-22,71.91,70.22,72.03,69.86,435.18K,2.29%
2021-07-23,72.07,71.71,72.21,71.39,274.78K,0.22%
2021-07-26,71.91,72.18,72.43,70.56,395.74K,-0.22%
2021-07-27,71.65,72.22,72.33,71.08,333.12K,-0.36%
2021-07-28,72.39,71.9,72.6,71.7,318.91K,1.03%
2021-07-29,73.62,72.4,73.68,72.26,294.46K,1.70%
2021-07-30,73.95,73.41,74.23,72.93,303.70K,0.45%
2021-08-02,71.26,73.91,73.95,70.55,448.20K,-3.64%
2021-08-03,70.56,71.52,71.96,69.19,509.94K,-0.98%
2021-08-04,68.15,70.32,70.81,67.85,582.92K,-3.42%
2021-08-05,69.09,68.06,69.35,67.61,416.33K,1.38%
2021-08-06,68.28,69.14,70.18,67.8,537.14K,-1.17%
2021-08-09,66.48,67.88,67.9,65.15,598.38K,-2.64%
2021-08-10,68.29,66.85,68.9,66.56,452.13K,2.72%
2021-08-11,69.25,68.51,69.45,66.67,513.29K,1.41%
2021-08-12,69.09,69.36,69.62,68.46,352.47K,-0.23%
2021-08-13,68.44,68.91,69.22,67.77,272.03K,-0.94%
2021-08-16,67.29,67.71,68.27,65.73,334.84K,-1.68%
2021-08-17,66.59,67.43,67.72,66.33,235.30K,-1.04%
2021-08-18,65.46,66.58,67.48,64.34,121.20K,-1.70%
2021-08-19,63.69,64.58,64.76,62.63,88.24K,-2.70%
2021-08-20,62.32,64.05,64.1,62.11,24.63K,-2.15%
2021-08-23,65.64,61.96,66,61.74,397.29K,5.33%
2021-08-24,67.54,65.54,67.8,65.41,335.89K,2.89%
2021-08-25,68.36,67.63,68.54,66.92,353.74K,1.21%
2021-08-26,67.42,68,68.31,67.02,344.29K,-1.38%
2021-08-27,68.74,67.75,69.05,67.52,326.06K,1.96%
2021-08-30,69.21,69.3,69.64,67.67,360.80K,0.68%
2021-08-31,68.5,69.18,69.34,68.16,325.85K,-1.03%
2021-09-01,68.59,68.55,69.24,67.12,399.50K,0.13%
2021-09-02,69.99,68.29,70.61,67.84,403.31K,2.04%
2021-09-03,69.29,69.76,70.53,69.05,313.09K,-1.00%
2021-09-05,68.75,69.22,69.23,68.73,,-0.78%
2021-09-06,68.8,68.75,69.47,68.27,,0.07%
2021-09-07,68.35,69.11,69.48,67.64,481.70K,-0.65%
2021-09-08,69.3,68.37,69.75,68.31,389.33K,1.39%
2021-09-09,68.14,69.36,69.89,67.56,556.45K,-1.67%
2021-09-10,69.72,67.97,69.96,67.68,411.08K,2.32%
2021-09-13,70.45,69.74,70.97,69.51,390.94K,1.05%
2021-09-14,70.46,70.64,71.22,69.98,414.23K,0.01%
2021-09-15,72.61,70.76,73.14,70.65,418.67K,3.05%
2021-09-16,72.61,72.65,72.99,71.53,298.41K,0.00%
2021-09-17,71.97,72.62,72.72,71.21,119.93K,-0.88%
2021-09-20,70.29,71.92,72.08,69.86,75.84K,-2.33%
2021-09-21,70.56,70.59,71.63,69.67,37.61K,0.38%
2021-09-22,72.23,70.85,72.3,70.64,381.06K,2.37%
2021-09-23,73.3,71.97,73.5,71.61,403.41K,1.48%
2021-09-24,73.98,73.24,74.27,72.81,350.38K,0.93%
2021-09-27,75.45,74.19,75.75,74.16,417.83K,1.99%
2021-09-28,75.29,75.43,76.67,74.24,476.14K,-0.21%
2021-09-29,74.83,74.38,75.79,73.74,424.19K,-0.61%
2021-09-30,75.03,74.78,76.07,73.14,583.19K,0.27%
2021-10-01,75.88,75.12,75.99,74.23,389.00K,1.13%
2021-10-04,77.62,75.9,78.38,75.32,458.01K,2.29%
2021-10-05,78.93,77.58,79.48,77.47,449.62K,1.69%
2021-10-06,77.43,79.04,79.78,76.83,459.06K,-1.90%
2021-10-07,78.3,77,78.89,74.96,545.01K,1.12%
2021-10-08,79.35,78.86,80.11,78.63,662.01K,1.34%
2021-10-11,80.52,79.59,82.18,79.55,653.76K,1.47%
2021-10-12,80.64,80.5,81.62,79.47,598.18K,0.15%
2021-10-13,80.44,80.58,81.04,79.42,487.22K,-0.25%
2021-10-14,81.31,80.59,81.68,80.38,399.81K,1.08%
2021-10-15,82.28,81.48,82.66,81.39,277.95K,1.19%
2021-10-18,82.44,82.6,83.87,81.84,134.10K,0.19%
2021-10-19,82.96,82.37,83.74,81.8,82.61K,0.63%
2021-10-20,83.87,83.34,84.25,81.3,25.72K,1.10%
2021-10-21,82.5,83.58,83.96,80.79,567.50K,-1.63%
2021-10-22,83.76,82.61,84.22,81.76,465.36K,1.53%
2021-10-25,83.76,83.98,85.41,83.39,568.73K,0.00%
2021-10-26,84.65,83.72,84.88,82.97,467.72K,1.06%
2021-10-27,82.66,84.39,84.51,82.01,529.95K,-2.35%
2021-10-28,82.81,82.25,83.21,80.58,491.59K,0.18%
2021-10-29,83.57,83.09,83.74,81.41,507.31K,0.92%
2021-11-01,84.05,83.36,84.88,82.74,412.31K,0.57%
2021-11-02,83.91,83.87,84.41,82.92,429.61K,-0.17%
2021-11-03,80.86,83.07,83.08,79.69,546.58K,-3.63%
2021-11-04,78.81,80.18,83.42,78.25,701.12K,-2.54%
2021-11-05,81.27,79.37,81.8,78.96,531.05K,3.12%
2021-11-08,81.93,81.13,82.67,81.05,393.95K,0.81%
2021-11-09,84.15,82.16,84.63,81.78,504.83K,2.71%
2021-11-10,81.34,84.53,84.97,80.81,555.22K,-3.34%
2021-11-11,81.59,81.41,82.33,80.2,475.44K,0.31%
2021-11-12,80.79,81.21,81.62,79.78,390.30K,-0.98%
2021-11-15,80.88,80.66,81.2,79.3,343.48K,0.11%
2021-11-16,80.76,80.93,81.81,80.03,325.67K,-0.15%
2021-11-17,78.36,80.54,80.69,77.69,174.47K,-2.97%
2021-11-18,79.01,78.34,79.36,77.08,83.98K,0.83%
2021-11-19,76.1,78.76,79.92,75.37,30.70K,-3.68%
2021-11-22,76.75,75.75,77.16,74.76,465.77K,0.85%
2021-11-23,78.5,76.46,78.86,75.3,506.99K,2.28%
2021-11-24,78.39,78.48,79.23,77.98,328.85K,-0.14%
2021-11-25,77.41,78.38,78.65,77.28,,-1.25%
2021-11-26,68.15,78.34,78.65,67.4,844.63K,-11.96%
2021-11-29,69.95,69.23,72.93,68.86,675.09K,2.64%
2021-11-30,66.18,70.04,71.22,64.43,722.48K,-5.39%
2021-12-01,65.57,67.01,69.49,64.84,602.45K,-0.92%
2021-12-02,66.5,65.63,67.49,62.43,668.29K,1.42%
2021-12-03,66.26,67.5,69.22,65.6,449.97K,-0.36%
2021-12-06,69.49,67.02,70.15,66.72,401.06K,4.87%
2021-12-07,72.05,69.72,73.03,69.52,496.53K,3.68%
2021-12-08,72.36,71.86,73,70.91,464.85K,0.43%
2021-12-09,70.94,72.52,73.34,70.39,393.21K,-1.96%
2021-12-10,71.67,70.68,72.33,70.32,397.88K,1.03%
2021-12-13,71.29,72.04,73,70.71,406.60K,-0.53%
2021-12-14,70.73,71.12,72.03,69.51,359.45K,-0.79%
2021-12-15,70.87,70.35,71.66,69.39,294.34K,0.20%
2021-12-16,72.38,71.48,72.99,71.03,142.54K,2.13%
2021-12-17,70.86,71.92,72.26,69.89,78.13K,-2.10%
2021-12-20,68.23,70.07,70.07,66.04,36.73K,-3.71%
2021-12-21,71.12,69.21,71.55,68.56,358.78K,4.24%
2021-12-22,72.76,71.27,73.16,70.8,306.71K,2.31%
2021-12-23,73.79,73.03,73.95,72.27,270.22K,1.42%
2021-12-27,75.57,73.38,76.09,72.57,268.49K,2.41%
2021-12-28,75.98,75.97,76.92,75.53,249.73K,0.54%
2021-12-29,76.56,76.04,77.37,75.36,283.56K,0.76%
2021-12-30,76.99,76.58,77.44,75.78,231.16K,0.56%
2021-12-31,75.21,76.66,77.08,74.95,237.12K,-2.31%
2022-01-03,76.08,75.69,76.46,74.27,317.63K,1.16%
2022-01-04,76.99,76.02,77.64,75.7,372.85K,1.20%
2022-01-05,77.85,77.18,78.58,76.51,397.90K,1.12%
2022-01-06,79.46,77.24,80.24,76.73,476.67K,2.07%
2022-01-07,78.9,79.62,80.47,78.52,414.43K,-0.70%
2022-01-10,78.23,78.88,79.45,77.83,389.96K,-0.85%
2022-01-11,81.22,78.42,81.59,78.36,481.82K,3.82%
2022-01-12,82.64,81.38,83.1,81.17,420.62K,1.75%
2022-01-13,82.12,82.82,82.94,81.39,364.77K,-0.63%
2022-01-14,83.82,81.73,84.45,81.58,364.44K,2.07%
2022-01-16,83.83,83.78,84.09,83.68,,0.01%
2022-01-17,83.69,83.84,83.95,82.94,,-0.17%
2022-01-18,85.43,84.32,86.63,83.5,163.64K,2.08%
2022-01-19,86.96,86.61,87.91,85.77,113.15K,1.79%
2022-01-20,86.9,86.23,87.82,86,30.39K,-0.07%
2022-01-21,85.14,84.57,85.56,82.78,509.10K,-2.03%
2022-01-24,83.31,84.91,86.09,81.9,511.70K,-2.15%
2022-01-25,85.6,84.15,85.71,82.99,507.22K,2.75%
2022-01-26,87.35,85.26,87.95,85.01,459.64K,2.04%
2022-01-27,86.61,87.15,88.54,86.2,427.80K,-0.85%
2022-01-28,86.82,87.5,88.84,86.44,436.17K,0.24%
2022-01-31,88.15,87.45,88.39,86.34,359.08K,1.53%
2022-02-01,88.2,88.15,88.87,86.55,376.84K,0.06%
2022-02-02,88.26,88.35,89.72,87.1,456.86K,0.07%
2022-02-03,90.27,87.98,90.45,86.75,465.77K,2.28%
2022-02-04,92.31,90.19,93.17,90.07,410.93K,2.26%
2022-02-07,91.32,91.82,92.73,90.73,497.75K,-1.07%
2022-02-08,89.36,91.64,91.68,88.51,467.39K,-2.15%
2022-02-09,89.66,89.86,90.58,88.41,445.62K,0.34%
2022-02-10,89.88,90.01,91.74,89.03,492.09K,0.25%
2022-02-11,93.1,90,94.66,89.19,554.42K,3.58%
2022-02-14,95.46,93.91,95.82,92.09,467.07K,2.53%
2022-02-15,92.07,94.83,95.17,90.66,442.64K,-3.55%
2022-02-16,93.66,92.21,95.01,90,401.45K,1.73%
2022-02-17,91.76,90.9,93.36,90.62,212.55K,-2.03%
2022-02-18,91.07,91.63,92.66,89.03,150.38K,-0.75%
2022-02-20,91.62,91.22,91.74,91.08,,0.60%
2022-02-21,92.65,91.62,93.91,89.08,,1.12%
2022-02-22,92.35,91.75,96,90.35,40.75K,-0.32%
2022-02-23,92.1,91.74,93.9,90.64,440.57K,-0.27%
2022-02-24,92.81,92.52,100.54,91.45,872.24K,0.77%
2022-02-25,91.59,93.32,95.64,90.06,523.79K,-1.31%
2022-02-28,95.72,94.99,99.1,94.43,490.80K,4.51%
2022-03-01,103.41,96.09,106.78,95.32,698.81K,8.03%
2022-03-02,110.6,107.12,112.51,105.18,651.85K,6.95%
2022-03-03,107.67,111.33,116.57,106.43,592.03K,-2.65%
2022-03-04,115.68,107.96,116.02,107.25,493.88K,7.44%
2022-03-07,119.4,121.33,130.5,115.54,576.02K,3.22%
2022-03-08,123.7,120.67,129.44,117.07,583.11K,3.60%
2022-03-09,108.7,124.66,126.84,103.63,594.77K,-12.13%
2022-03-10,106.02,110.41,114.88,105.53,437.92K,-2.47%
2022-03-11,109.33,105.99,110.29,104.48,368.19K,3.12%
2022-03-14,103.01,109.42,109.72,99.76,344.18K,-5.78%
2022-03-15,96.44,102.28,102.58,93.53,401.69K,-6.38%
2022-03-16,95.04,95.23,99.22,94.07,293.95K,-1.45%
2022-03-17,102.98,95.34,104.24,94.85,210.76K,8.35%
2022-03-18,104.7,103.62,106.28,102.3,74.25K,1.67%
2022-03-21,112.12,105.13,112.69,104.08,77.22K,7.09%
2022-03-22,111.76,112.9,115.01,109.3,22.94K,-0.32%
2022-03-23,114.93,108.85,115.4,108.38,289.18K,2.84%
2022-03-24,112.34,114.47,116.64,110.61,307.24K,-2.25%
2022-03-25,113.9,111.75,114.12,108.68,320.30K,1.39%
2022-03-28,105.96,112.92,112.93,102.83,372.25K,-6.97%
2022-03-29,104.24,103.47,107.84,98.44,387.20K,-1.62%
2022-03-30,107.82,105.24,108.75,104.55,284.54K,3.43%
2022-03-31,100.28,107.45,107.8,99.66,450.85K,-6.99%
2022-04-01,99.27,101.23,101.75,97.78,324.78K,-1.01%
2022-04-04,103.28,98.95,103.94,98.05,288.13K,4.04%
2022-04-05,101.96,103.66,105.59,99.88,280.28K,-1.28%
2022-04-06,96.23,101.24,104.02,95.73,366.04K,-5.62%
2022-04-07,96.03,97.16,98.82,93.81,367.32K,-0.21%
2022-04-08,98.26,97.17,98.76,95.29,310.08K,2.32%
2022-04-11,94.29,98.4,98.52,92.93,315.87K,-4.04%
2022-04-12,100.6,95.17,101.35,94.84,329.04K,6.69%
2022-04-13,104.25,100.91,104.47,99.87,312.50K,3.63%
2022-04-14,106.95,104.2,107.64,102.12,244.95K,2.59%
2022-04-18,108.21,107.03,109.81,106,68.49K,1.18%
2022-04-19,102.56,107.75,108.92,102.1,71.79K,-5.22%
2022-04-20,102.75,103.05,104.16,100.7,17.02K,0.19%
2022-04-21,103.79,102.5,105.42,102.01,280.32K,1.01%
2022-04-22,102.07,104.07,104.22,101.06,246.12K,-1.66%
2022-04-25,98.54,101.38,101.55,95.28,328.15K,-3.46%
2022-04-26,101.7,98.64,102.78,97.06,351.85K,3.21%
2022-04-27,102.02,101.76,102.99,99.8,278.78K,0.31%
2022-04-28,105.36,102.11,105.68,100.13,312.06K,3.27%
2022-04-29,104.69,105.17,107.99,103.78,294.39K,-0.64%
2022-05-02,105.17,104,105.94,100.28,261.88K,0.46%
2022-05-03,102.41,105.08,105.8,102.1,239.27K,-2.62%
2022-05-04,107.81,103.5,108.61,102.95,272.91K,5.27%
2022-05-05,108.26,107.58,111.37,106.45,286.92K,0.42%
2022-05-06,109.77,108.7,111.18,107.24,294.28K,1.39%
2022-05-09,103.09,110.43,110.49,102.13,368.18K,-6.09%
2022-05-10,99.76,102.65,104.16,98.86,389.75K,-3.23%
2022-05-11,105.71,99,106.44,98.2,382.70K,5.96%
2022-05-12,106.13,105.63,107.37,102.66,323.55K,0.40%
2022-05-13,110.49,106.65,110.64,106.29,240.99K,4.11%
2022-05-16,114.2,110.98,114.9,108.11,289.13K,3.36%
2022-05-17,112.4,113.87,115.56,111.75,252.63K,-1.58%
2022-05-18,109.59,113.66,115.42,108.46,103.67K,-2.50%
2022-05-19,112.21,109.09,112.62,105.13,68.51K,2.39%
2022-05-20,113.23,111.45,114.04,110.85,20.00K,0.91%
2022-05-23,110.29,110.56,111.96,109.15,215.62K,-2.60%
2022-05-24,109.77,110.41,111.43,108.61,224.79K,-0.47%
2022-05-25,110.33,110.39,111.68,109.23,191.37K,0.51%
2022-05-26,114.09,110.69,114.83,110.27,234.75K,3.41%
2022-05-27,115.07,114.2,115.3,112.85,217.28K,0.86%
2022-05-29,115.61,115.3,115.81,115.2,,0.47%
2022-05-30,117.61,115.58,117.79,115.39,,1.73%
2022-05-31,114.67,114.96,119.98,114.15,440.80K,-2.50%
2022-06-01,115.26,115.4,117.87,114.58,290.53K,0.51%
2022-06-02,116.87,114.8,117.77,111.2,327.60K,1.40%
2022-06-03,118.87,117.55,120.46,115.23,240.83K,1.71%
2022-06-06,118.5,120.82,120.99,117.63,246.83K,-0.31%
2022-06-07,119.41,119.1,120.36,117.14,341.69K,0.77%
2022-06-08,122.11,119.79,123.18,119.3,340.59K,2.26%
2022-06-09,121.51,122.43,122.72,120.79,293.30K,-0.49%
2022-06-10,120.67,121.46,122.75,118.33,352.91K,-0.69%
2022-06-13,120.93,120.19,122.25,117.47,372.40K,0.22%
2022-06-14,118.93,121.09,123.68,116.62,366.32K,-1.65%
2022-06-15,115.31,119.07,119.61,114.6,301.75K,-3.04%
2022-06-16,117.59,115.98,118.08,112.31,162.54K,1.98%
2022-06-17,109.56,117.08,118.97,108.25,103.15K,-6.83%
2022-06-19,108.94,108.97,109.34,108.78,,-0.57%
2022-06-20,108.84,108.97,109.17,106.84,,-0.09%
2022-06-21,110.65,110.58,112.47,108.72,28.46K,1.66%
2022-06-22,106.19,109.54,109.76,101.53,432.72K,-4.03%
2022-06-23,104.27,104.42,107.05,102.32,346.36K,-1.81%
2022-06-24,107.62,103.99,108.58,103.64,321.59K,3.21%
2022-06-27,109.57,107.22,110.54,105.6,282.91K,1.81%
2022-06-28,111.76,110.18,112.22,109.62,306.75K,2.00%
2022-06-29,109.78,111.86,114.05,109.22,322.06K,-1.77%
2022-06-30,105.76,109.7,110.45,105.1,362.89K,-3.66%
2022-07-01,108.43,106.01,109.34,104.56,305.34K,2.52%
2022-07-03,108.19,108.67,108.81,108.14,,-0.22%
2022-07-04,110.4,108.17,110.77,107.25,,2.04%
2022-07-05,99.5,108.8,111.45,97.43,594.22K,-9.87%
2022-07-06,98.53,100.36,102.14,95.1,444.11K,-0.97%
2022-07-07,102.73,98.22,104.48,96.57,379.86K,4.26%
2022-07-08,104.79,102.22,105.24,101.51,327.46K,2.01%
2022-07-11,104.09,104.79,105.05,100.89,348.57K,-0.67%
2022-07-12,95.84,103.46,103.49,95.35,398.55K,-7.93%
2022-07-13,96.3,95.89,97.96,93.67,347.19K,0.48%
2022-07-14,95.78,96.57,97,90.56,387.53K,-0.54%
2022-07-15,97.59,96.39,99.03,94.57,240.77K,1.89%
2022-07-18,102.6,97.27,102.8,95.85,84.67K,5.13%
2022-07-19,104.22,102,104.46,99.85,63.15K,1.58%
2022-07-20,102.26,103.6,104.39,101.51,28.96K,-1.88%
2022-07-21,96.35,99.91,99.99,94.59,318.91K,-5.78%
2022-07-22,94.7,96.51,97.95,94.23,307.57K,-1.71%
2022-07-25,96.7,95.1,96.94,93.01,279.00K,2.11%
2022-07-26,94.98,96.33,99,94.76,310.04K,-1.78%
2022-07-27,97.26,95.6,98.59,94.3,321.90K,2.40%
2022-07-28,96.42,98.17,99.84,96.04,318.40K,-0.86%
2022-07-29,98.62,97.3,101.88,96.41,349.37K,2.28%
2022-08-01,93.89,98.46,98.65,92.42,365.29K,-4.80%
2022-08-02,94.42,93.75,96.47,92.59,328.54K,0.56%
2022-08-03,90.66,93.83,96.57,90.38,395.10K,-3.98%
2022-08-04,88.54,90.95,91.9,87.55,334.93K,-2.34%
2022-08-05,89.01,88.06,90.76,87.01,350.02K,0.53%
2022-08-08,90.76,88.46,90.89,87.22,340.16K,1.97%
2022-08-09,90.5,90.69,92.65,89.05,347.05K,-0.29%
2022-08-10,91.93,90.51,92.43,87.66,383.77K,1.58%
2022-08-11,94.34,91.55,95.05,91.24,341.23K,2.62%
2022-08-12,92.09,94.09,94.81,91.16,264.95K,-2.38%
2022-08-15,89.41,91.94,92.1,86.82,275.44K,-2.91%
2022-08-16,86.53,87.93,90.65,85.73,305.37K,-3.22%
2022-08-17,88.11,87.1,89.16,85.88,230.35K,1.83%
2022-08-18,90.5,87.39,91.46,87.32,80.03K,2.71%
2022-08-19,90.77,90.39,92.09,88.38,58.71K,0.30%
2022-08-22,90.23,89.65,91.26,86.6,24.87K,-0.59%
2022-08-23,93.74,90.55,94.22,90.42,285.61K,3.89%
2022-08-24,94.89,93.78,95.4,92.79,320.39K,1.23%
2022-08-25,92.52,95.35,95.76,92.29,279.88K,-2.50%
2022-08-26,93.06,93.06,94.02,91.08,288.39K,0.58%
2022-08-29,97.01,92.96,97.37,92.29,283.46K,4.24%
2022-08-30,91.64,96.9,97.66,90.54,386.27K,-5.54%
2022-08-31,89.55,92.31,92.73,88.27,344.15K,-2.28%
2022-09-01,86.61,88.83,89.63,85.98,305.11K,-3.28%
2022-09-02,86.87,86.56,89.66,86.35,277.53K,0.30%
2022-09-04,88.25,86.91,88.28,86.91,,1.59%
2022-09-05,88.96,88.27,90.37,87.98,,0.80%
2022-09-06,86.88,86.84,90.39,86.18,420.26K,-2.34%
2022-09-07,81.94,86.93,87.76,81.5,380.78K,-5.69%
2022-09-08,83.54,81.91,84.25,81.2,342.76K,1.95%
2022-09-09,86.79,82.8,87.2,82.71,305.19K,3.89%
2022-09-12,87.78,86.25,89.1,85.16,275.10K,1.14%
2022-09-13,87.31,88.09,89.31,85.06,348.00K,-0.54%
2022-09-14,88.48,87.94,90.19,86.18,335.38K,1.34%
2022-09-15,85.1,88.91,89.15,84.53,235.36K,-3.82%
2022-09-16,85.11,85.16,86.59,84.27,87.83K,0.01%
2022-09-19,85.73,85.21,86.22,82.1,59.63K,0.73%
2022-09-20,84.45,85.61,86.45,83.52,26.23K,-1.49%
2022-09-21,82.94,84.25,86.68,82.49,339.68K,-1.79%
2022-09-22,83.49,83.07,86,82.4,303.49K,0.66%
2022-09-23,78.74,83.54,83.92,78.04,334.27K,-5.69%
2022-09-26,76.71,79.23,80.31,76.25,280.93K,-2.58%
2022-09-27,78.5,76.47,79.51,76.42,283.61K,2.33%
2022-09-28,82.15,78.08,82.34,76.55,324.68K,4.65%
2022-09-29,81.23,81.9,82.94,80.34,286.13K,-1.12%
2022-09-30,79.49,81.74,82.56,79.14,253.15K,-2.14%
2022-10-03,83.63,81.02,84.56,80.87,287.17K,5.21%
2022-10-04,86.52,83.22,86.98,83.22,302.55K,3.46%
2022-10-05,87.76,86.37,88.42,85.42,329.79K,1.43%
2022-10-06,88.45,88.08,89.07,87.04,235.30K,0.79%
2022-10-07,92.64,88.93,93.31,88,429.16K,4.74%
2022-10-10,91.13,93.48,93.64,90.54,289.51K,-1.63%
2022-10-11,89.35,91.14,91.35,87.91,333.16K,-1.95%
2022-10-12,87.27,88.67,90.07,86.28,332.27K,-2.33%
2022-10-13,89.11,87.08,89.66,85.56,298.03K,2.11%
2022-10-14,85.61,89.27,89.73,85.2,237.03K,-3.93%
2022-10-17,85.46,85.59,87.12,84.61,172.02K,-0.18%
2022-10-18,82.82,85.7,86.51,82.09,97.30K,-3.09%
2022-10-19,85.55,83.69,86.2,82.59,71.31K,3.30%
2022-10-20,85.98,85.94,88.17,85.22,18.18K,0.50%
2022-10-21,85.05,85.07,85.9,83.15,272.80K,-1.08%
2022-10-24,84.58,85.24,85.92,82.63,250.73K,-0.55%
2022-10-25,85.32,84.88,86.03,83.06,240.44K,0.87%
2022-10-26,87.91,85.07,88.41,84.14,287.18K,3.04%
2022-10-27,89.08,88.26,89.79,87.33,292.56K,1.33%
2022-10-28,87.9,88.67,88.76,87.08,263.40K,-1.32%
2022-10-31,86.53,88.39,88.65,85.3,285.34K,-1.56%
2022-11-01,88.37,86.43,89.45,85.92,274.32K,2.13%
2022-11-02,90,88.62,90.36,87.72,280.96K,1.84%
2022-11-03,88.17,89.35,89.67,87.6,239.82K,-2.03%
2022-11-04,92.61,87.9,92.87,87.82,354.06K,5.04%
2022-11-07,91.79,91,93.74,90.4,322.42K,-0.89%
2022-11-08,88.91,91.87,92.17,88.52,344.22K,-3.14%
2022-11-09,85.83,88.57,89.24,85.5,388.30K,-3.46%
2022-11-10,86.47,85.85,87.35,84.7,340.01K,0.75%
2022-11-11,88.96,86.27,90.1,86.18,301.66K,2.88%
2022-11-14,85.87,89.02,89.84,85.15,315.45K,-3.47%
2022-11-15,86.92,85.25,88.68,84.06,331.71K,1.22%
2022-11-16,85.59,86.89,87.51,84.2,225.67K,-1.53%
2022-11-17,81.64,85.22,85.45,81.4,138.48K,-4.62%
2022-11-18,80.08,82.09,82.64,77.24,96.58K,-1.91%
2022-11-21,79.73,80.3,80.3,75.08,21.98K,-0.44%
2022-11-22,80.95,80.22,82.36,79.85,269.62K,1.53%
2022-11-23,77.94,81.08,81.95,76.83,379.15K,-3.72%
2022-11-24,77.95,77.53,78.19,76.92,,0.01%
2022-11-25,76.28,77.51,79.9,76.22,266.45K,-2.14%
2022-11-28,77.24,75.93,77.84,73.6,405.03K,1.26%
2022-11-29,78.2,76.54,79.65,76.29,381.87K,1.24%
2022-11-30,80.56,78.75,81.34,78.41,,3.02%
2022-12-01,81.33,80.56,83.33,79.94,,0.96%
2022-12-02,80.3,81.32,82.19,79.68,,-1.27%
2022-12-04,81.15,80.06,81.29,79.89,,1.06%
2022-12-05,77.4,81.13,82.71,76.78,,-4.62%
2022-12-06,74.47,77.41,77.88,73.43,,-3.79%
2022-12-07,72.58,74.47,75.36,71.75,,-2.54%
2022-12-08,72.06,72.57,75.39,71.14,,-0.72%
2022-12-09,71.5,72.07,72.92,70.11,,-0.78%
2022-12-11,71.9,71.78,72.31,71.65,,0.56%
2022-12-12,73.44,71.89,73.98,70.25,,2.14%
2022-12-13,75.19,73.42,76.36,73.22,,2.38%
2022-12-14,77.27,75.19,77.74,74.91,,2.77%
2022-12-15,76.25,77.26,77.76,75.38,,-1.32%
2022-12-16,74.45,76.24,76.57,73.33,,-2.36%
2022-12-19,75.89,75.54,76.59,74.04,,1.93%
2022-12-20,76.23,75.77,76.96,74.46,,0.45%
2022-12-21,78.24,76,78.56,75.81,,2.64%
2022-12-22,78.45,78.47,79.88,77.03,,0.27%
2022-12-23,79.34,78.44,80.31,78,,1.13%
2022-12-26,80.97,79.92,81.06,79.92,,2.05%
2022-12-27,79.77,80.97,81.17,79.17,,-1.48%
2022-12-28,78.6,79.75,79.88,77.33,,-1.47%
2022-12-29,78.61,78.61,78.83,76.81,,0.01%
2022-12-30,80.47,78.59,80.57,77.72,,2.37%
2023-01-02,80.47,80.57,80.61,80.18,,0.00%
2023-01-03,77.12,80.66,81.62,76.81,139.84K,-4.16%
2023-01-04,73.1,77.41,77.62,73.01,149.77K,-5.21%
2023-01-05,73.92,73.51,75.15,72.74,112.45K,1.12%
2023-01-06,74.04,74.18,75.71,73.52,95.22K,0.16%
2023-01-09,74.92,73.87,76.97,73.79,154.20K,1.19%
2023-01-10,75.37,75.16,76.16,74.16,164.98K,0.60%
2023-01-11,77.68,75.06,78.06,74.56,179.83K,3.06%
2023-01-12,78.65,77.9,79.37,77.35,188.06K,1.25%
2023-01-13,80.11,78.58,80.37,78.23,189.32K,1.86%
2023-01-15,79.78,80.17,80.19,79.78,,-0.41%
2023-01-16,79.04,79.78,79.92,78.8,,-0.93%
2023-01-17,80.45,80.34,81.51,78.8,267.91K,1.78%
2023-01-18,79.8,81.34,82.66,79.21,326.23K,-0.81%
2023-01-19,80.61,79.43,81.49,78.45,321.13K,1.02%
2023-01-20,81.64,80.84,81.91,79.91,300.15K,1.28%
2023-01-23,81.62,81.79,82.64,81.05,297.08K,-0.02%
2023-01-24,80.13,81.62,82.22,79.66,288.21K,-1.83%
2023-01-25,80.15,80.26,81.23,79.45,297.23K,0.02%
2023-01-26,81.01,80.48,82.14,79.92,291.06K,1.07%
2023-01-27,79.68,81.22,82.48,79.04,367.59K,-1.64%
2023-01-30,77.9,80.04,80.49,77.66,327.43K,-2.23%
2023-01-31,78.87,77.91,79.25,76.55,312.73K,1.25%
2023-02-01,76.41,79.06,79.73,76.05,360.86K,-3.12%
2023-02-02,75.88,76.79,77.24,74.97,339.76K,-0.69%
2023-02-03,73.39,75.92,78,73.1,413.41K,-3.28%
2023-02-06,74.11,73.23,74.51,72.25,380.03K,0.98%
2023-02-07,77.14,74.57,77.6,74.35,408.28K,4.09%
2023-02-08,78.47,77.49,78.57,77.08,353.47K,1.72%
2023-02-09,78.06,78.45,78.84,76.52,324.16K,-0.52%
2023-02-10,79.72,77.68,80.33,77.47,356.06K,2.13%
2023-02-13,80.14,79.94,80.62,78.45,301.30K,0.53%
2023-02-14,79.06,79.06,79.61,77.46,299.94K,-1.35%
2023-02-15,78.59,78.83,79.15,77.25,264.49K,-0.59%
2023-02-16,78.49,78.54,79.54,77.92,117.60K,-0.13%
2023-02-17,76.34,78.07,78.25,75.06,93.27K,-2.74%
2023-02-19,76.67,76.69,76.82,76.53,,0.43%
2023-02-20,77.3,76.69,77.74,76.33,,0.82%
2023-02-21,76.16,76.53,77.51,75.69,35.48K,-1.47%
2023-02-22,73.95,76.11,76.55,73.8,332.02K,-2.90%
2023-02-23,75.39,73.92,75.99,73.83,333.84K,1.95%
2023-02-24,76.32,75.6,76.63,74.09,313.04K,1.23%
2023-02-27,75.68,76.42,76.82,74.99,266.09K,-0.84%
2023-02-28,77.05,75.76,77.83,75.55,300.09K,1.81%
2023-03-01,77.69,76.85,77.85,76.12,342.12K,0.83%
2023-03-02,78.16,77.74,78.59,77.23,260.33K,0.60%
2023-03-03,79.68,77.89,79.9,75.83,374.20K,1.94%
2023-03-06,80.46,79.92,80.63,78.32,292.35K,0.98%
2023-03-07,77.58,80.5,80.94,77.06,398.24K,-3.58%
2023-03-08,76.66,77.32,77.73,76.11,335.93K,-1.19%
2023-03-09,75.72,76.5,78.06,75.43,349.96K,-1.23%
2023-03-10,76.68,75.65,77.11,74.77,371.83K,1.27%
2023-03-13,74.8,76.6,77.47,72.3,457.42K,-2.45%
2023-03-14,71.33,74.7,74.9,70.78,432.86K,-4.64%
2023-03-15,67.61,71.56,72.56,65.65,555.16K,-5.22%
2023-03-16,68.35,68.22,69.38,65.71,327.12K,1.09%
2023-03-17,66.74,68.26,69.64,65.17,152.26K,-2.36%
2023-03-20,67.64,66.62,67.7,64.12,76.87K,1.35%
2023-03-21,69.33,67.62,69.6,66.77,26.35K,2.50%
2023-03-22,70.9,69.48,71.31,68.89,337.64K,2.26%
2023-03-23,69.96,69.95,71.67,69.14,335.24K,-1.33%
2023-03-24,69.26,69.51,70.38,66.82,380.85K,-1.00%
2023-03-27,72.81,69.42,73.1,69.13,353.60K,5.13%
2023-03-28,73.2,72.86,73.93,72.19,328.47K,0.54%
2023-03-29,72.97,73.61,74.37,72.76,312.67K,-0.31%
2023-03-30,74.37,72.98,74.63,72.61,269.74K,1.92%
2023-03-31,75.67,74.37,75.72,73.77,304.36K,1.75%
2023-04-03,80.42,80.1,81.69,79,547.13K,6.28%
2023-04-04,80.71,80.44,81.81,79.61,343.57K,0.36%
2023-04-05,80.61,81.01,81.24,79.72,254.97K,-0.12%
2023-04-06,80.7,80.37,80.96,79.65,259.52K,0.11%
2023-04-10,79.74,80.5,81.22,79.61,264.91K,-1.19%
2023-04-11,81.53,79.88,81.59,79.37,309.68K,2.24%
2023-04-12,83.26,81.44,83.53,81.28,356.13K,2.12%
2023-04-13,82.16,83.22,83.44,82.11,261.23K,-1.32%
2023-04-14,82.52,82.4,83.12,81.76,275.13K,0.44%
2023-04-17,80.83,82.48,82.71,80.47,217.05K,-2.05%
2023-04-18,80.86,81,81.48,79.87,96.29K,0.04%
2023-04-19,79.16,80.92,81.18,78.46,78.31K,-2.10%
2023-04-20,77.29,78.87,78.89,76.97,24.99K,-2.36%
2023-04-21,77.87,77.13,78.39,76.72,291.11K,0.75%
2023-04-24,78.76,77.97,79.18,76.72,306.72K,1.14%
2023-04-25,77.07,78.74,79.07,76.5,361.65K,-2.15%
2023-04-26,74.3,77.08,77.93,74.05,497.78K,-3.59%
2023-04-27,74.76,74.38,75.28,74.03,345.88K,0.62%
2023-04-28,76.78,74.91,76.92,73.93,328.40K,2.70%
2023-05-01,75.66,76.66,76.69,74.53,215.02K,-1.46%
2023-05-02,71.66,75.76,76.11,71.42,417.82K,-5.29%
2023-05-03,68.6,71.56,71.79,67.95,490.52K,-4.27%
2023-05-04,68.56,68.16,69.84,63.64,412.50K,-0.06%
2023-05-05,71.34,68.7,71.81,68.48,330.59K,4.05%
2023-05-08,73.16,71.35,73.69,71.04,290.08K,2.55%
2023-05-09,73.71,72.84,73.78,71.34,317.49K,0.75%
2023-05-10,72.56,73.58,73.89,71.8,351.51K,-1.56%
2023-05-11,70.87,72.77,73.5,70.63,365.89K,-2.33%
2023-05-12,70.04,71.42,71.78,69.93,275.44K,-1.17%
2023-05-15,71.11,70.04,71.69,69.41,259.01K,1.53%
2023-05-16,70.86,71.32,71.79,70.45,232.33K,-0.35%
2023-05-17,72.83,70.6,73.26,70.04,273.71K,2.78%
2023-05-18,71.86,72.75,72.87,71.42,80.86K,-1.33%
2023-05-19,71.55,71.94,73.4,71.03,69.95K,-0.43%
2023-05-22,71.99,71.7,72.36,70.55,18.68K,0.61%
2023-05-23,72.91,72.1,73.79,71.71,317.59K,1.28%
2023-05-24,74.34,73.77,74.73,73.13,386.61K,1.96%
2023-05-25,71.83,74.21,74.37,70.98,422.64K,-3.38%
2023-05-26,72.67,71.89,73.05,71.49,261.50K,1.17%
2023-05-28,73.22,73.11,73.45,73.06,,0.76%
2023-05-29,72.87,73.22,73.55,72.05,,-0.48%
2023-05-30,69.46,73.23,73.55,69.02,440.86K,-4.68%
2023-05-31,68.09,69.62,69.69,67.03,444.79K,-1.97%
2023-06-01,70.1,67.6,71.07,67.51,395.39K,2.95%
2023-06-02,71.74,70.21,72.17,70,322.60K,2.34%
2023-06-05,72.15,75.03,75.06,71.73,383.94K,0.57%
2023-06-06,71.74,71.99,72.33,70.13,314.96K,-0.57%
2023-06-07,72.53,71.56,73.19,71.01,299.13K,1.10%
2023-06-08,71.29,72.47,73.28,69.03,485.40K,-1.71%
2023-06-09,70.17,70.94,71.77,70.1,300.72K,-1.57%
2023-06-12,67.12,70.27,70.33,66.8,404.77K,-4.35%
2023-06-13,69.42,67.31,69.83,67.15,366.35K,3.43%
2023-06-14,68.27,69.35,70.49,68.07,304.45K,-1.66%
2023-06-15,70.62,68.7,70.96,67.97,115.61K,3.44%
2023-06-16,71.78,70.55,71.89,69.95,99.19K,1.64%
2023-06-18,71.47,71.59,71.67,71.42,,-0.43%
2023-06-19,71.31,71.47,72.25,70.83,,-0.22%
2023-06-20,70.5,71.45,72.09,69.65,28.74K,-1.14%
2023-06-21,72.53,70.9,72.72,70.8,264.66K,2.88%
2023-06-22,69.51,72.43,72.65,68.93,421.35K,-4.16%
2023-06-23,69.16,69.53,69.65,67.35,322.48K,-0.50%
2023-06-26,69.37,69.84,70.11,68.71,280.12K,0.30%
2023-06-27,67.7,69.49,70.15,67.5,384.75K,-2.41%
2023-06-28,69.56,68.01,69.73,67.05,368.30K,2.75%
2023-06-29,69.86,69.25,70.6,68.93,292.87K,0.43%
2023-06-30,70.64,69.82,71.04,69.53,299.87K,1.12%
2023-07-03,69.79,70.45,71.77,69.69,303.48K,-1.20%
2023-07-04,71.06,70.08,71.34,69.91,,1.82%
2023-07-05,71.79,70.15,72.17,69.9,456.81K,1.03%
2023-07-06,71.8,71.8,72.34,70.22,395.38K,0.01%
2023-07-07,73.86,71.89,73.92,71.19,362.63K,2.87%
2023-07-10,72.99,73.86,74.15,72.67,301.01K,-1.18%
2023-07-11,74.83,73.19,74.96,72.98,326.88K,2.52%
2023-07-12,75.75,74.83,76.15,74.67,352.89K,1.23%
2023-07-13,76.89,75.85,77.33,75.32,379.73K,1.50%
2023-07-14,75.42,77.16,77.3,75.11,299.58K,-1.91%
2023-07-17,74.15,75.02,76.09,73.84,244.79K,-1.68%
2023-07-18,75.75,74.18,75.96,73.88,125.09K,2.16%
2023-07-19,75.35,75.84,76.97,75.07,92.92K,-0.53%
2023-07-20,75.63,75.35,76.15,74.72,23.71K,0.37%
2023-07-21,77.07,75.7,77.29,75.69,308.11K,1.90%
2023-07-24,78.74,77.01,79.28,76.44,368.29K,2.17%
2023-07-25,79.63,78.85,79.9,78.29,349.60K,1.13%
2023-07-26,78.78,79.34,79.77,78.55,322.03K,-1.07%
2023-07-27,80.09,78.9,80.6,78.87,374.36K,1.66%
2023-07-28,80.58,79.84,80.71,79.07,299.55K,0.61%
2023-07-31,81.8,80.65,82,80.13,297.27K,1.51%
2023-08-01,81.37,81.73,82.22,80.59,307.86K,-0.53%
2023-08-02,79.49,82.05,82.43,79.05,414.83K,-2.31%
2023-08-03,81.55,79.77,81.86,78.69,402.64K,2.59%
2023-08-04,82.82,81.73,83.24,81.51,320.87K,1.56%
2023-08-07,81.94,82.82,83.3,81.52,293.04K,-1.06%
2023-08-08,82.92,82.53,83.08,79.9,424.55K,1.20%
2023-08-09,84.4,82.88,84.65,82.67,478.14K,1.78%
2023-08-10,82.82,84.25,84.89,82.58,362.19K,-1.87%
2023-08-11,83.19,82.83,83.81,82.23,331.25K,0.45%
2023-08-14,82.51,83.09,83.2,81.76,277.35K,-0.82%
2023-08-15,80.99,82.52,82.91,80.4,303.21K,-1.84%
2023-08-16,79.38,81.23,81.43,79.05,325.40K,-1.99%
2023-08-17,80.39,79.25,81.08,78.95,235.58K,1.27%
2023-08-18,81.25,80.04,81.61,79.59,128.09K,1.07%
2023-08-21,80.72,81.43,82.47,80.61,115.87K,-0.65%
2023-08-22,80.35,80.8,80.99,80.1,21.69K,-0.46%
2023-08-23,78.89,79.64,79.91,77.62,378.15K,-1.82%
2023-08-24,79.05,78.57,79.28,77.59,349.23K,0.20%
2023-08-25,79.83,78.88,80.45,78.14,411.41K,0.99%
2023-08-28,80.1,80.15,80.87,79.61,246.58K,0.34%
2023-08-29,81.16,79.98,81.41,79.34,284.17K,1.32%
2023-08-30,81.63,81.29,82.05,80.88,299.42K,0.58%
2023-08-31,83.63,81.7,83.69,81.48,368.85K,2.45%
2023-09-01,85.55,83.63,86.06,83.46,420.46K,2.30%
2023-09-03,85.85,86.06,86.06,85.73,,0.35%
2023-09-04,85.82,85.85,86.14,85.28,,-0.03%
2023-09-05,86.69,86.06,88.07,85.02,452.91K,1.01%
2023-09-06,87.54,86.72,88.08,85.93,307.12K,0.98%
2023-09-07,86.87,87.54,87.74,86.39,270.74K,-0.77%
2023-09-08,87.51,86.78,87.95,86.15,294.44K,0.74%
2023-09-11,87.29,87.4,88.15,86.71,292.39K,-0.25%
2023-09-12,88.84,87.27,89.37,87.22,341.14K,1.78%
2023-09-13,88.52,88.75,89.64,88.29,345.97K,-0.36%
2023-09-14,90.16,88.81,90.79,88.68,,1.85%
2023-09-15,90.77,90.67,91.23,89.22,,0.68%
2023-09-17,90.17,90.39,90.39,90.06,,-0.66%
2023-09-18,90.78,90.15,90.84,90.1,,0.68%
